obj,stream,xref,startxref,Encrypt,ObjStm,JS,Javascript,AA,OpenAction,AcroForm,JBIG2Decode,RichMedia,Launch,EmbeddedFile,XFA,Malicious_Label
68,19,2,2,0,0,0,0,0,1,0,0,0,0,0,0,no
106,29,1,1,0,0,0,0,0,0,0,0,0,0,0,0,no
10,10,10,10,10,10,10,10,10,10,10,10,10,10,10,10,yes
30,6,2,2,0,0,0,0,0,0,0,0,0,0,0,0,no
10,10,10,10,10,10,10,10,10,10,10,10,10,10,10,10,yes
10,10,10,10,10,10,10,10,10,10,10,10,10,10,10,10,yes
10,10,10,10,10,10,10,10,10,10,10,10,10,10,10,10,yes
86,30,2,2,0,0,0,0,0,0,0,0,0,0,1,1,no
10,10,10,10,10,10,10,10,10,10,10,10,10,10,10,10,yes
10,10,10,10,10,10,10,10,10,10,10,10,10,10,10,10,yes
48,16,2,2,0,0,0,0,0,0,0,0,0,0,0,0,no
10,10,10,10,10,10,10,10,10,10,10,10,10,10,10,10,yes
34,10,2,2,0,0,0,0,0,0,0,0,0,0,0,0,no
10,10,10,10,10,10,10,10,10,10,10,10,10,10,10,10,yes
38,11,1,1,0,0,0,0,0,0,0,0,0,0,0,0,no
10,10,10,10,10,10,10,10,10,10,10,10,10,10,10,10,yes
10,10,10,10,10,10,10,10,10,10,10,10,10,10,10,10,yes
74,12,2,2,1,0,0,0,0,0,0,0,0,0,0,0,no
10,10,10,10,10,10,10,10,10,10,10,10,10,10,10,10,yes
10,10,10,10,10,10,10,10,10,10,10,10,10,10,10,10,yes
10,10,10,10,10,10,10,10,10,10,10,10,10,10,10,10,yes
10,10,10,10,10,10,10,10,10,10,10,10,10,10,10,10,yes
10,10,10,10,10,10,10,10,10,10,10,10,10,10,10,10,yes
32,14,2,2,0,1,0,0,0,0,0,0,0,0,0,0,no
10,10,10,10,10,10,10,10,10,10,10,10,10,10,10,10,yes
46,42,0,2,0,5,0,0,0,0,0,0,0,0,0,0,no
31,9,2,2,0,0,0,0,0,0,0,0,0,0,0,0,no
10,10,10,10,10,10,10,10,10,10,10,10,10,10,10,10,yes
10,10,10,10,10,10,10,10,10,10,10,10,10,10,10,10,yes
10,10,10,10,10,10,10,10,10,10,10,10,10,10,10,10,yes
10,10,10,10,10,10,10,10,10,10,10,10,10,10,10,10,yes
10,10,10,10,10,10,10,10,10,10,10,10,10,10,10,10,yes
10,10,10,10,10,10,10,10,10,10,10,10,10,10,10,10,yes
72,15,2,2,0,0,0,0,0,0,1,0,0,0,0,0,no
70,15,2,2,0,0,0,0,0,0,0,0,0,0,0,0,no
10,10,10,10,10,10,10,10,10,10,10,10,10,10,10,10,yes
10,10,10,10,10,10,10,10,10,10,10,10,10,10,10,10,yes
10,10,10,10,10,10,10,10,10,10,10,10,10,10,10,10,yes
10,10,10,10,10,10,10,10,10,10,10,10,10,10,10,10,yes
10,10,10,10,10,10,10,10,10,10,10,10,10,10,10,10,yes
10,10,10,10,10,10,10,10,10,10,10,10,10,10,10,10,yes
200,24,2,2,1,0,0,0,0,0,0,0,0,0,0,0,no
10,10,10,10,10,10,10,10,10,10,10,10,10,10,10,10,yes
10,10,10,10,10,10,10,10,10,10,10,10,10,10,10,10,yes
10,10,10,10,10,10,10,10,10,10,10,10,10,10,10,10,yes
10,10,10,10,10,10,10,10,10,10,10,10,10,10,10,10,yes
34,15,2,2,0,0,0,0,0,0,0,0,0,0,0,0,no
54,18,2,2,0,0,0,0,0,0,0,0,0,0,0,0,no
33,8,2,2,0,0,0,0,0,0,0,0,0,0,0,0,no
10,10,10,10,10,10,10,10,10,10,10,10,10,10,10,10,yes
10,10,10,10,10,10,10,10,10,10,10,10,10,10,10,10,yes
187,54,1,1,0,0,0,0,0,0,0,0,0,0,0,0,no
36,13,2,2,0,0,0,0,0,0,0,0,0,0,0,0,no
27,5,1,1,0,0,0,0,0,0,0,0,0,0,0,0,no
10,10,10,10,10,10,10,10,10,10,10,10,10,10,10,10,yes
130,24,2,2,0,0,0,0,0,0,1,0,0,0,0,0,no
35,7,1,1,0,0,0,0,0,0,0,0,0,0,0,0,no
10,10,10,10,10,10,10,10,10,10,10,10,10,10,10,10,yes
40,38,0,2,0,19,0,0,0,0,0,0,0,0,0,0,no
10,10,10,10,10,10,10,10,10,10,10,10,10,10,10,10,yes
398,124,2,2,0,0,0,0,0,1,0,0,0,0,0,0,no
10,10,10,10,10,10,10,10,10,10,10,10,10,10,10,10,yes
54,14,1,1,0,0,0,0,0,0,1,0,0,0,0,0,no
10,10,10,10,10,10,10,10,10,10,10,10,10,10,10,10,yes
10,10,10,10,10,10,10,10,10,10,10,10,10,10,10,10,yes
10,10,10,10,10,10,10,10,10,10,10,10,10,10,10,10,yes
10,10,10,10,10,10,10,10,10,10,10,10,10,10,10,10,yes
62,19,2,2,0,0,0,0,0,1,0,0,0,0,0,0,no
10,10,10,10,10,10,10,10,10,10,10,10,10,10,10,10,yes
10,10,10,10,10,10,10,10,10,10,10,10,10,10,10,10,yes
10,10,10,10,10,10,10,10,10,10,10,10,10,10,10,10,yes
10,10,10,10,10,10,10,10,10,10,10,10,10,10,10,10,yes
62,18,2,2,0,0,0,0,0,0,0,0,0,0,0,0,no
36,12,2,2,0,0,0,0,0,0,0,0,0,0,0,0,no
13,10,0,2,0,4,0,0,0,0,0,0,0,0,0,0,no
10,10,10,10,10,10,10,10,10,10,10,10,10,10,10,10,yes
10,10,10,10,10,10,10,10,10,10,10,10,10,10,10,10,yes
80,32,3,3,0,0,0,0,0,0,0,0,0,0,0,0,no
87,20,2,2,0,0,0,0,0,0,0,0,0,0,0,0,no
10,10,10,10,10,10,10,10,10,10,10,10,10,10,10,10,yes
10,10,10,10,10,10,10,10,10,10,10,10,10,10,10,10,yes
60,17,2,2,0,0,0,0,0,0,0,0,0,0,0,0,no
10,10,10,10,10,10,10,10,10,10,10,10,10,10,10,10,yes
10,10,10,10,10,10,10,10,10,10,10,10,10,10,10,10,yes
10,10,10,10,10,10,10,10,10,10,10,10,10,10,10,10,yes
554,521,2,2,0,0,0,0,0,0,0,0,0,0,0,0,no
104,40,2,2,0,0,0,0,0,0,0,0,0,0,0,0,no
10,10,10,10,10,10,10,10,10,10,10,10,10,10,10,10,yes
10,10,10,10,10,10,10,10,10,10,10,10,10,10,10,10,yes
10,10,10,10,10,10,10,10,10,10,10,10,10,10,10,10,yes
55,21,2,2,0,0,0,0,0,0,0,0,0,0,0,0,no
10,10,10,10,10,10,10,10,10,10,10,10,10,10,10,10,yes
20,4,1,1,0,0,0,0,0,0,0,0,0,0,0,0,no
25,21,0,2,0,5,0,0,0,0,0,0,0,0,0,0,no
10,10,10,10,10,10,10,10,10,10,10,10,10,10,10,10,yes
24,4,1,1,0,0,0,0,0,0,0,0,0,0,0,0,no
10,10,10,10,10,10,10,10,10,10,10,10,10,10,10,10,yes
46,17,2,2,0,2,0,0,0,0,0,0,0,0,0,0,no
15,5,2,2,0,1,0,0,0,0,0,0,0,0,0,0,no
37,8,2,2,0,0,0,0,0,0,0,0,0,0,0,0,no
39,13,2,2,0,0,0,0,0,0,0,0,0,0,0,0,no
10,10,10,10,10,10,10,10,10,10,10,10,10,10,10,10,yes
10,10,10,10,10,10,10,10,10,10,10,10,10,10,10,10,yes
10,10,10,10,10,10,10,10,10,10,10,10,10,10,10,10,yes
10,10,10,10,10,10,10,10,10,10,10,10,10,10,10,10,yes
24,4,2,2,0,0,0,0,0,0,0,0,0,0,0,0,no
10,10,10,10,10,10,10,10,10,10,10,10,10,10,10,10,yes
10,10,10,10,10,10,10,10,10,10,10,10,10,10,10,10,yes
20,2,1,1,0,0,0,0,0,0,0,0,0,0,0,0,no
10,10,10,10,10,10,10,10,10,10,10,10,10,10,10,10,yes
10,10,10,10,10,10,10,10,10,10,10,10,10,10,10,10,yes
73,20,2,2,0,2,0,0,0,0,0,0,0,0,0,0,no
18,2,1,1,0,0,0,0,0,0,0,0,0,0,0,0,no
39,30,0,3,0,10,0,0,0,0,0,0,0,0,0,0,no
70,14,4,3,0,2,0,0,0,0,0,0,0,0,0,0,no
10,10,10,10,10,10,10,10,10,10,10,10,10,10,10,10,yes
10,10,10,10,10,10,10,10,10,10,10,10,10,10,10,10,yes
58,15,1,1,0,0,0,0,0,0,0,0,0,0,0,0,no
10,10,10,10,10,10,10,10,10,10,10,10,10,10,10,10,yes
105,18,2,2,0,0,0,0,0,0,1,0,0,0,0,0,no
21,18,0,2,0,4,0,0,0,0,0,0,0,0,0,0,no
43,6,2,2,1,0,0,0,0,0,0,0,0,0,0,0,no
75,24,2,2,0,0,0,0,0,0,0,0,0,0,0,0,no
128,87,0,5,0,38,0,0,0,0,0,0,0,0,0,0,no
10,10,10,10,10,10,10,10,10,10,10,10,10,10,10,10,yes
10,10,10,10,10,10,10,10,10,10,10,10,10,10,10,10,yes
10,10,10,10,10,10,10,10,10,10,10,10,10,10,10,10,yes
10,10,10,10,10,10,10,10,10,10,10,10,10,10,10,10,yes
167,10,2,2,0,0,0,0,0,0,0,0,0,0,0,0,no
10,10,10,10,10,10,10,10,10,10,10,10,10,10,10,10,yes
27,10,2,2,0,0,0,0,0,0,0,0,0,0,0,0,no
10,10,10,10,10,10,10,10,10,10,10,10,10,10,10,10,yes
10,10,10,10,10,10,10,10,10,10,10,10,10,10,10,10,yes
10,10,10,10,10,10,10,10,10,10,10,10,10,10,10,10,yes
20,4,1,1,0,0,0,0,0,0,0,0,0,0,0,0,no
10,10,10,10,10,10,10,10,10,10,10,10,10,10,10,10,yes
10,10,10,10,10,10,10,10,10,10,10,10,10,10,10,10,yes
105,26,1,1,0,0,0,0,0,0,0,0,0,0,0,0,no
10,10,10,10,10,10,10,10,10,10,10,10,10,10,10,10,yes
10,10,10,10,10,10,10,10,10,10,10,10,10,10,10,10,yes
10,10,10,10,10,10,10,10,10,10,10,10,10,10,10,10,yes
85,58,0,2,0,4,0,0,0,0,0,0,0,0,0,0,no
70,29,3,3,0,0,0,0,0,0,0,0,0,0,0,0,no
108,15,2,2,0,0,0,0,0,0,1,0,0,0,0,0,no
162,22,2,2,1,0,0,0,0,0,0,0,0,0,0,0,no
182,74,2,2,0,0,0,0,0,0,0,0,0,0,0,0,no
74,19,1,1,0,0,0,0,0,0,0,0,0,0,0,0,no
65,16,2,2,0,0,0,0,0,0,1,0,0,0,0,0,no
145,50,3,3,0,0,0,0,0,0,0,0,0,0,1,1,no
10,10,10,10,10,10,10,10,10,10,10,10,10,10,10,10,yes
10,10,10,10,10,10,10,10,10,10,10,10,10,10,10,10,yes
43,18,2,2,0,0,0,0,0,0,0,0,0,0,0,0,no
10,10,10,10,10,10,10,10,10,10,10,10,10,10,10,10,yes
10,10,10,10,10,10,10,10,10,10,10,10,10,10,10,10,yes
65,16,2,2,0,0,0,0,0,0,0,0,0,0,0,0,no
10,10,10,10,10,10,10,10,10,10,10,10,10,10,10,10,yes
10,10,10,10,10,10,10,10,10,10,10,10,10,10,10,10,yes
67,16,2,2,0,0,0,0,0,0,1,0,0,0,0,0,no
20,7,4,3,0,1,0,0,0,0,0,0,0,0,0,0,no
10,10,10,10,10,10,10,10,10,10,10,10,10,10,10,10,yes
10,10,10,10,10,10,10,10,10,10,10,10,10,10,10,10,yes
10,10,10,10,10,10,10,10,10,10,10,10,10,10,10,10,yes
10,10,10,10,10,10,10,10,10,10,10,10,10,10,10,10,yes
10,10,10,10,10,10,10,10,10,10,10,10,10,10,10,10,yes
25,8,2,2,0,1,0,0,0,0,0,0,0,0,0,0,no
10,10,10,10,10,10,10,10,10,10,10,10,10,10,10,10,yes
291,44,2,2,0,11,0,0,0,0,0,0,0,0,0,0,no
45,19,2,2,0,0,0,0,0,0,0,0,0,0,0,0,no
10,10,10,10,10,10,10,10,10,10,10,10,10,10,10,10,yes
10,10,10,10,10,10,10,10,10,10,10,10,10,10,10,10,yes
10,10,10,10,10,10,10,10,10,10,10,10,10,10,10,10,yes
207,25,2,2,1,0,0,0,0,0,0,0,0,0,0,0,no
16,6,2,2,0,1,0,0,0,0,0,0,0,0,0,0,no
10,10,10,10,10,10,10,10,10,10,10,10,10,10,10,10,yes
39,13,2,2,0,0,0,0,0,0,0,0,0,0,0,0,no
10,10,10,10,10,10,10,10,10,10,10,10,10,10,10,10,yes
10,10,10,10,10,10,10,10,10,10,10,10,10,10,10,10,yes
10,10,10,10,10,10,10,10,10,10,10,10,10,10,10,10,yes
43,7,2,2,0,0,0,0,0,0,0,0,0,0,0,0,no
10,10,10,10,10,10,10,10,10,10,10,10,10,10,10,10,yes
10,10,10,10,10,10,10,10,10,10,10,10,10,10,10,10,yes
73,18,2,2,0,0,0,0,0,0,1,0,0,0,0,0,no
10,10,10,10,10,10,10,10,10,10,10,10,10,10,10,10,yes
109,25,1,1,0,0,0,0,0,0,0,0,0,0,0,0,no
10,10,10,10,10,10,10,10,10,10,10,10,10,10,10,10,yes
36,8,2,2,0,0,0,0,0,0,0,0,0,0,0,0,no
10,10,10,10,10,10,10,10,10,10,10,10,10,10,10,10,yes
10,10,10,10,10,10,10,10,10,10,10,10,10,10,10,10,yes
45,19,2,2,0,0,0,0,0,0,0,0,0,0,0,0,no
37,5,2,2,1,0,0,0,0,0,0,0,0,0,0,0,no
10,10,10,10,10,10,10,10,10,10,10,10,10,10,10,10,yes
10,10,10,10,10,10,10,10,10,10,10,10,10,10,10,10,yes
45,10,2,2,0,0,0,0,0,0,0,0,0,0,0,0,no
10,10,10,10,10,10,10,10,10,10,10,10,10,10,10,10,yes
48,17,2,2,0,0,0,0,0,0,0,0,0,0,0,0,no
10,10,10,10,10,10,10,10,10,10,10,10,10,10,10,10,yes
10,10,10,10,10,10,10,10,10,10,10,10,10,10,10,10,yes
17,3,1,1,0,0,0,0,0,0,0,0,0,0,0,0,no
27,7,1,1,0,0,0,0,0,0,0,0,0,0,0,0,no
10,10,10,10,10,10,10,10,10,10,10,10,10,10,10,10,yes
54,13,1,1,0,0,0,0,0,0,0,0,0,0,0,0,no
10,10,10,10,10,10,10,10,10,10,10,10,10,10,10,10,yes
10,10,10,10,10,10,10,10,10,10,10,10,10,10,10,10,yes
10,10,10,10,10,10,10,10,10,10,10,10,10,10,10,10,yes
10,10,10,10,10,10,10,10,10,10,10,10,10,10,10,10,yes
10,10,10,10,10,10,10,10,10,10,10,10,10,10,10,10,yes
20,4,1,1,0,0,0,0,0,0,0,0,0,0,0,0,no
39,13,2,2,0,0,0,0,0,0,0,0,0,0,0,0,no
60,16,2,2,2,0,0,0,0,1,0,0,0,0,0,0,no
21,5,2,2,0,0,0,0,0,0,0,0,0,0,0,0,no
10,10,10,10,10,10,10,10,10,10,10,10,10,10,10,10,yes
10,10,10,10,10,10,10,10,10,10,10,10,10,10,10,10,yes
10,10,10,10,10,10,10,10,10,10,10,10,10,10,10,10,yes
10,10,10,10,10,10,10,10,10,10,10,10,10,10,10,10,yes
10,10,10,10,10,10,10,10,10,10,10,10,10,10,10,10,yes
10,10,10,10,10,10,10,10,10,10,10,10,10,10,10,10,yes
10,10,10,10,10,10,10,10,10,10,10,10,10,10,10,10,yes
38,9,2,2,0,0,0,0,0,0,0,0,0,0,0,0,no
40,8,2,2,0,0,0,0,0,0,0,0,0,0,0,0,no
10,10,10,10,10,10,10,10,10,10,10,10,10,10,10,10,yes
48,14,2,2,0,0,0,0,0,0,0,0,0,0,0,0,no
10,10,10,10,10,10,10,10,10,10,10,10,10,10,10,10,yes
220,61,1,1,0,0,0,0,0,0,0,0,0,0,0,0,no
10,10,10,10,10,10,10,10,10,10,10,10,10,10,10,10,yes
68,16,1,1,0,0,0,0,0,0,0,0,0,0,0,0,no
113,83,0,3,0,31,0,0,0,0,0,0,0,0,0,0,no
24,7,2,2,0,1,0,0,0,0,0,0,0,0,0,0,no
57,16,2,2,0,0,0,0,0,0,0,0,0,0,0,0,no
48,42,0,2,0,5,0,0,0,0,0,0,0,0,0,0,no
10,10,10,10,10,10,10,10,10,10,10,10,10,10,10,10,yes
10,10,10,10,10,10,10,10,10,10,10,10,10,10,10,10,yes
10,10,10,10,10,10,10,10,10,10,10,10,10,10,10,10,yes
42,18,2,2,0,0,0,0,0,0,0,0,0,0,0,0,no
10,10,10,10,10,10,10,10,10,10,10,10,10,10,10,10,yes
45,12,2,2,0,0,0,0,0,0,0,0,0,0,0,0,no
93,23,1,1,0,0,1,0,0,0,0,0,0,0,0,0,no
10,10,10,10,10,10,10,10,10,10,10,10,10,10,10,10,yes
10,10,10,10,10,10,10,10,10,10,10,10,10,10,10,10,yes
42,14,2,2,0,0,0,0,0,0,0,0,0,0,0,0,no
10,10,10,10,10,10,10,10,10,10,10,10,10,10,10,10,yes
10,10,10,10,10,10,10,10,10,10,10,10,10,10,10,10,yes
10,10,10,10,10,10,10,10,10,10,10,10,10,10,10,10,yes
28,23,0,2,0,6,0,0,0,0,0,0,0,0,0,0,no
40,5,2,2,1,0,0,0,0,0,0,0,0,0,0,0,no
10,10,10,10,10,10,10,10,10,10,10,10,10,10,10,10,yes
34,7,2,2,0,0,0,0,0,1,0,0,0,0,0,0,no
10,10,10,10,10,10,10,10,10,10,10,10,10,10,10,10,yes
10,10,10,10,10,10,10,10,10,10,10,10,10,10,10,10,yes
65,23,2,2,0,0,0,0,0,0,0,0,0,0,0,0,no
81,29,6,4,0,3,0,0,0,0,0,0,0,0,0,0,no
36,23,1,1,0,0,0,0,0,0,0,0,0,0,0,0,no
35,7,2,2,0,0,0,0,0,0,0,0,0,0,0,0,no
10,10,10,10,10,10,10,10,10,10,10,10,10,10,10,10,yes
146,30,2,2,0,0,0,0,0,0,1,0,0,0,0,0,no
10,10,10,10,10,10,10,10,10,10,10,10,10,10,10,10,yes
10,10,10,10,10,10,10,10,10,10,10,10,10,10,10,10,yes
10,10,10,10,10,10,10,10,10,10,10,10,10,10,10,10,yes
119,21,2,2,0,0,0,0,0,0,1,0,0,0,0,0,no
10,10,10,10,10,10,10,10,10,10,10,10,10,10,10,10,yes
10,10,10,10,10,10,10,10,10,10,10,10,10,10,10,10,yes
211,59,1,1,0,0,0,0,0,0,0,0,0,0,0,0,no
128,65,3,3,0,0,0,0,0,0,0,0,0,0,0,0,no
10,10,10,10,10,10,10,10,10,10,10,10,10,10,10,10,yes
1973,62,2,2,0,0,0,0,0,0,0,0,0,0,0,0,no
32,7,1,1,0,0,0,0,0,0,0,0,0,0,0,0,no
10,10,10,10,10,10,10,10,10,10,10,10,10,10,10,10,yes
10,10,10,10,10,10,10,10,10,10,10,10,10,10,10,10,yes
10,10,10,10,10,10,10,10,10,10,10,10,10,10,10,10,yes
50,16,2,2,0,0,0,0,0,0,0,0,0,0,0,0,no
10,10,10,10,10,10,10,10,10,10,10,10,10,10,10,10,yes
73,57,0,2,0,5,0,0,0,0,0,0,0,0,0,0,no
43,16,2,2,0,0,0,0,0,0,0,0,0,0,0,0,no
34,8,2,2,0,0,0,0,0,0,0,0,0,0,0,0,no
10,10,10,10,10,10,10,10,10,10,10,10,10,10,10,10,yes
10,10,10,10,10,10,10,10,10,10,10,10,10,10,10,10,yes
64,21,2,2,0,0,0,0,0,0,0,0,0,0,0,0,no
10,10,10,10,10,10,10,10,10,10,10,10,10,10,10,10,yes
278,82,2,2,0,0,0,0,0,0,0,0,0,0,0,0,no
48,9,2,2,0,0,0,0,0,1,0,0,0,0,0,0,no
38,5,2,2,0,0,0,0,0,0,0,0,0,0,0,0,no
10,10,10,10,10,10,10,10,10,10,10,10,10,10,10,10,yes
24,6,2,2,0,0,0,0,0,0,0,0,0,0,0,0,no
167,112,0,3,0,52,0,0,0,0,0,0,0,0,0,0,no
10,10,10,10,10,10,10,10,10,10,10,10,10,10,10,10,yes
10,10,10,10,10,10,10,10,10,10,10,10,10,10,10,10,yes
85,25,2,2,0,0,0,0,0,0,0,0,0,0,0,0,no
10,10,10,10,10,10,10,10,10,10,10,10,10,10,10,10,yes
10,10,10,10,10,10,10,10,10,10,10,10,10,10,10,10,yes
26,14,2,2,0,0,0,0,0,0,1,0,0,0,0,0,no
10,10,10,10,10,10,10,10,10,10,10,10,10,10,10,10,yes
10,10,10,10,10,10,10,10,10,10,10,10,10,10,10,10,yes
10,10,10,10,10,10,10,10,10,10,10,10,10,10,10,10,yes
10,10,10,10,10,10,10,10,10,10,10,10,10,10,10,10,yes
51,16,2,2,0,0,0,0,0,0,0,0,0,0,0,0,no
45,8,2,2,0,0,0,0,0,0,0,0,0,0,0,0,no
10,10,10,10,10,10,10,10,10,10,10,10,10,10,10,10,yes
10,10,10,10,10,10,10,10,10,10,10,10,10,10,10,10,yes
10,10,10,10,10,10,10,10,10,10,10,10,10,10,10,10,yes
26,6,2,2,0,0,0,0,0,0,0,0,0,0,0,0,no
47,37,0,2,0,11,0,0,0,0,0,0,0,0,0,0,no
10,10,10,10,10,10,10,10,10,10,10,10,10,10,10,10,yes
45,18,2,2,0,0,0,0,0,1,0,0,0,0,0,0,no
10,10,10,10,10,10,10,10,10,10,10,10,10,10,10,10,yes
10,10,10,10,10,10,10,10,10,10,10,10,10,10,10,10,yes
236,105,2,2,0,0,0,0,0,0,0,0,0,0,0,0,no
57,9,1,1,0,0,0,0,0,0,0,0,0,0,0,0,no
32,15,2,2,0,1,0,0,0,0,0,0,0,0,0,0,no
82,33,2,2,0,0,0,0,0,0,0,0,0,0,0,0,no
59,13,2,2,0,0,0,0,0,0,1,0,0,0,0,0,no
10,10,10,10,10,10,10,10,10,10,10,10,10,10,10,10,yes
10,10,10,10,10,10,10,10,10,10,10,10,10,10,10,10,yes
10,10,10,10,10,10,10,10,10,10,10,10,10,10,10,10,yes
31,7,1,1,0,0,0,0,0,0,0,0,0,0,0,0,no
10,10,10,10,10,10,10,10,10,10,10,10,10,10,10,10,yes
10,10,10,10,10,10,10,10,10,10,10,10,10,10,10,10,yes
10,10,10,10,10,10,10,10,10,10,10,10,10,10,10,10,yes
42,29,0,2,0,14,0,0,0,0,0,0,0,0,0,0,no
59,18,2,2,0,0,0,0,0,0,0,0,0,0,0,0,no
88,24,1,1,0,0,0,0,0,0,0,0,0,0,0,0,no
28,6,1,1,0,0,0,0,0,0,0,0,0,0,0,0,no
10,10,10,10,10,10,10,10,10,10,10,10,10,10,10,10,yes
10,10,10,10,10,10,10,10,10,10,10,10,10,10,10,10,yes
10,10,10,10,10,10,10,10,10,10,10,10,10,10,10,10,yes
10,10,10,10,10,10,10,10,10,10,10,10,10,10,10,10,yes
29,7,2,2,0,1,0,0,0,0,0,0,0,0,0,0,no
10,10,10,10,10,10,10,10,10,10,10,10,10,10,10,10,yes
10,10,10,10,10,10,10,10,10,10,10,10,10,10,10,10,yes
81,32,3,3,0,0,0,0,0,0,0,0,0,0,0,0,no
10,10,10,10,10,10,10,10,10,10,10,10,10,10,10,10,yes
18,7,2,2,0,1,0,0,0,0,0,0,0,0,0,0,no
10,10,10,10,10,10,10,10,10,10,10,10,10,10,10,10,yes
10,10,10,10,10,10,10,10,10,10,10,10,10,10,10,10,yes
10,10,10,10,10,10,10,10,10,10,10,10,10,10,10,10,yes
10,10,10,10,10,10,10,10,10,10,10,10,10,10,10,10,yes
29,8,2,2,0,0,0,0,0,0,0,0,0,0,0,0,no
10,10,10,10,10,10,10,10,10,10,10,10,10,10,10,10,yes
10,10,10,10,10,10,10,10,10,10,10,10,10,10,10,10,yes
794,40,2,2,0,0,0,0,0,0,0,0,0,0,0,0,no
10,10,10,10,10,10,10,10,10,10,10,10,10,10,10,10,yes
12,4,2,2,0,0,1,0,0,0,0,0,0,0,0,0,no
31,8,1,1,0,0,0,0,0,0,0,0,0,0,0,0,no
10,10,10,10,10,10,10,10,10,10,10,10,10,10,10,10,yes
10,10,10,10,10,10,10,10,10,10,10,10,10,10,10,10,yes
60,27,2,2,0,0,0,0,0,0,0,0,0,0,0,0,no
107,33,2,2,0,0,0,0,1,0,0,0,0,0,0,0,no
26,5,1,1,0,0,0,0,0,0,0,0,0,0,0,0,no
188,57,4,2,0,3,0,0,0,0,0,0,0,0,0,0,no
10,10,10,10,10,10,10,10,10,10,10,10,10,10,10,10,yes
10,10,10,10,10,10,10,10,10,10,10,10,10,10,10,10,yes
656,26,2,2,0,0,0,0,0,0,0,0,0,0,0,0,no
152,40,1,1,0,0,0,0,0,0,0,0,0,0,0,0,no
10,10,10,10,10,10,10,10,10,10,10,10,10,10,10,10,yes
10,10,10,10,10,10,10,10,10,10,10,10,10,10,10,10,yes
74,20,1,1,0,0,0,0,0,0,0,0,0,0,0,0,no
10,10,10,10,10,10,10,10,10,10,10,10,10,10,10,10,yes
10,10,10,10,10,10,10,10,10,10,10,10,10,10,10,10,yes
10,10,10,10,10,10,10,10,10,10,10,10,10,10,10,10,yes
10,10,10,10,10,10,10,10,10,10,10,10,10,10,10,10,yes
10,10,10,10,10,10,10,10,10,10,10,10,10,10,10,10,yes
10,10,10,10,10,10,10,10,10,10,10,10,10,10,10,10,yes
34,7,2,2,0,0,0,0,0,0,0,0,0,0,0,0,no
99,26,2,2,0,0,0,0,0,0,0,0,0,0,0,0,no
39,6,1,1,0,0,0,0,0,0,0,0,0,0,0,0,no
22,12,4,4,0,0,0,0,0,0,0,0,0,0,0,0,no
30,6,2,2,0,0,0,0,0,0,0,0,0,0,0,0,no
178,42,2,2,0,0,0,0,0,0,0,0,0,0,0,0,no
31,28,0,2,0,5,0,0,0,0,0,0,0,0,0,0,no
10,10,10,10,10,10,10,10,10,10,10,10,10,10,10,10,yes
10,10,10,10,10,10,10,10,10,10,10,10,10,10,10,10,yes
10,10,10,10,10,10,10,10,10,10,10,10,10,10,10,10,yes
10,10,10,10,10,10,10,10,10,10,10,10,10,10,10,10,yes
154,41,1,1,0,0,0,0,0,0,0,0,0,0,0,0,no
21,5,2,2,0,0,0,0,0,0,0,0,0,0,0,0,no
20,7,2,2,0,1,0,0,0,0,0,0,0,0,0,0,no
32,8,2,2,0,0,0,0,0,0,0,0,0,0,0,0,no
10,10,10,10,10,10,10,10,10,10,10,10,10,10,10,10,yes
23,3,1,1,0,0,0,0,0,0,0,0,0,0,0,0,no
49,13,2,2,0,0,0,0,0,0,0,0,0,0,0,0,no
41,14,2,2,0,0,0,0,0,1,0,0,0,0,0,0,no
10,10,10,10,10,10,10,10,10,10,10,10,10,10,10,10,yes
40,8,1,1,0,0,0,0,0,0,0,0,0,0,0,0,no
115,42,4,4,0,0,0,0,0,0,0,0,0,0,0,0,no
10,10,10,10,10,10,10,10,10,10,10,10,10,10,10,10,yes
27,18,1,1,0,0,0,0,0,0,0,0,0,0,0,0,no
48,10,2,2,0,0,0,0,0,0,0,0,0,0,0,0,no
32,28,0,2,0,6,0,0,0,0,0,0,0,0,0,0,no
50,20,2,2,0,0,0,0,0,0,0,0,0,0,0,0,no
10,10,10,10,10,10,10,10,10,10,10,10,10,10,10,10,yes
10,10,10,10,10,10,10,10,10,10,10,10,10,10,10,10,yes
10,10,10,10,10,10,10,10,10,10,10,10,10,10,10,10,yes
32,11,2,2,0,0,0,0,0,0,0,0,0,0,0,0,no
10,10,10,10,10,10,10,10,10,10,10,10,10,10,10,10,yes
69,33,1,1,0,0,0,0,0,0,0,0,0,0,0,0,no
29,10,2,2,0,0,0,0,0,1,0,0,0,0,0,0,no
75,28,3,3,0,0,0,0,0,0,0,0,0,0,0,0,no
43,14,2,2,0,0,0,0,0,0,0,0,0,0,0,0,no
245,223,2,2,0,0,0,0,0,0,0,0,0,0,0,0,no
10,10,10,10,10,10,10,10,10,10,10,10,10,10,10,10,yes
167,23,2,2,1,0,0,0,0,0,0,0,0,0,0,0,no
10,10,10,10,10,10,10,10,10,10,10,10,10,10,10,10,yes
119,49,2,1,0,3,0,0,0,0,0,0,0,0,0,0,no
27,9,2,2,0,1,0,0,0,1,0,0,0,0,1,1,no
20,2,1,1,0,0,0,0,0,0,0,0,0,0,0,0,no
10,10,10,10,10,10,10,10,10,10,10,10,10,10,10,10,yes
42,18,2,2,0,0,0,0,0,0,0,0,0,0,0,0,no
52,13,3,3,0,0,0,0,0,0,1,0,0,0,0,0,no
152,76,3,3,0,0,0,0,0,0,0,0,0,0,0,0,no
25,5,2,2,0,0,0,0,0,0,0,0,0,0,0,0,no
10,10,10,10,10,10,10,10,10,10,10,10,10,10,10,10,yes
10,10,10,10,10,10,10,10,10,10,10,10,10,10,10,10,yes
39,30,0,3,0,10,0,0,0,0,0,0,0,0,0,0,no
10,10,10,10,10,10,10,10,10,10,10,10,10,10,10,10,yes
10,10,10,10,10,10,10,10,10,10,10,10,10,10,10,10,yes
10,10,10,10,10,10,10,10,10,10,10,10,10,10,10,10,yes
10,10,10,10,10,10,10,10,10,10,10,10,10,10,10,10,yes
10,10,10,10,10,10,10,10,10,10,10,10,10,10,10,10,yes
84,16,2,2,1,0,0,0,0,0,0,0,0,0,0,0,no
171,42,1,1,0,0,0,0,0,0,0,0,0,0,0,0,no
10,10,10,10,10,10,10,10,10,10,10,10,10,10,10,10,yes
10,10,10,10,10,10,10,10,10,10,10,10,10,10,10,10,yes
10,10,10,10,10,10,10,10,10,10,10,10,10,10,10,10,yes
10,10,10,10,10,10,10,10,10,10,10,10,10,10,10,10,yes
22,4,1,1,0,0,0,0,0,0,0,0,0,0,0,0,no
30,8,2,2,0,0,0,0,0,0,0,0,0,0,0,0,no
10,10,10,10,10,10,10,10,10,10,10,10,10,10,10,10,yes
39,28,0,3,0,12,0,0,0,0,0,0,0,0,0,0,no
46,12,2,2,0,0,0,0,0,0,0,0,0,0,0,0,no
68,25,2,2,2,3,0,0,0,0,0,0,0,0,0,0,no
10,10,10,10,10,10,10,10,10,10,10,10,10,10,10,10,yes
10,10,10,10,10,10,10,10,10,10,10,10,10,10,10,10,yes
10,10,10,10,10,10,10,10,10,10,10,10,10,10,10,10,yes
10,10,10,10,10,10,10,10,10,10,10,10,10,10,10,10,yes
46,11,1,1,0,0,0,0,0,0,0,0,0,0,0,0,no
56,16,1,1,0,0,0,0,0,0,0,0,0,0,0,0,no
10,10,10,10,10,10,10,10,10,10,10,10,10,10,10,10,yes
166,24,2,2,1,0,0,0,0,0,0,0,0,0,0,0,no
218,87,5,5,0,0,0,0,0,0,1,0,0,0,0,0,no
138,41,2,2,0,0,0,0,0,0,0,0,0,0,0,0,no
10,10,10,10,10,10,10,10,10,10,10,10,10,10,10,10,yes
28,7,1,1,0,0,0,0,0,0,0,0,0,0,0,0,no
10,10,10,10,10,10,10,10,10,10,10,10,10,10,10,10,yes
207,24,4,3,0,3,0,0,0,0,0,0,0,0,0,0,no
51,12,2,2,0,0,0,0,0,0,0,0,0,0,0,0,no
61,24,2,2,0,0,0,0,0,0,0,0,0,0,0,0,no
10,10,10,10,10,10,10,10,10,10,10,10,10,10,10,10,yes
10,10,10,10,10,10,10,10,10,10,10,10,10,10,10,10,yes
10,10,10,10,10,10,10,10,10,10,10,10,10,10,10,10,yes
42,15,6,4,0,2,0,0,0,0,0,0,0,0,0,0,no
10,10,10,10,10,10,10,10,10,10,10,10,10,10,10,10,yes
211,83,4,3,0,21,0,0,0,0,0,0,0,0,0,0,no
10,10,10,10,10,10,10,10,10,10,10,10,10,10,10,10,yes
18,11,1,1,0,0,0,0,0,0,0,0,0,0,0,0,no
31,9,1,1,0,0,0,0,0,0,0,0,0,0,0,0,no
10,10,10,10,10,10,10,10,10,10,10,10,10,10,10,10,yes
40,4,2,2,0,0,0,0,0,0,0,0,0,0,0,0,no
10,10,10,10,10,10,10,10,10,10,10,10,10,10,10,10,yes
18,6,2,2,0,1,0,0,0,0,0,0,0,0,0,0,no
10,10,10,10,10,10,10,10,10,10,10,10,10,10,10,10,yes
10,10,10,10,10,10,10,10,10,10,10,10,10,10,10,10,yes
94,7,1,1,0,0,0,0,0,0,0,0,0,0,0,0,no
40,10,2,2,0,2,0,0,0,0,0,0,0,0,0,0,no
20,4,2,2,0,0,0,0,0,0,0,0,0,0,0,0,no
28,8,2,2,0,0,0,0,0,0,0,0,0,0,0,0,no
26,13,2,2,0,0,0,0,0,0,0,2,0,0,0,0,no
10,10,10,10,10,10,10,10,10,10,10,10,10,10,10,10,yes
22,6,1,1,0,0,0,0,0,0,0,0,0,0,0,0,no
24,6,2,2,0,1,0,0,0,1,0,0,0,0,0,0,no
31,5,2,2,1,0,0,0,0,1,0,0,0,0,0,0,no
42,17,2,2,0,0,0,0,0,0,0,0,0,0,0,0,no
10,10,10,10,10,10,10,10,10,10,10,10,10,10,10,10,yes
265,62,2,1,0,3,0,0,0,0,0,0,0,0,0,0,no
70,36,1,1,0,0,0,0,0,0,0,0,0,0,0,0,no
38,16,2,2,0,0,0,0,0,0,0,0,0,0,0,0,no
87,19,2,2,1,0,0,0,0,0,1,0,0,0,0,0,no
10,10,10,10,10,10,10,10,10,10,10,10,10,10,10,10,yes
60,15,2,2,0,0,0,0,0,0,0,0,0,0,0,0,no
10,10,10,10,10,10,10,10,10,10,10,10,10,10,10,10,yes
10,10,10,10,10,10,10,10,10,10,10,10,10,10,10,10,yes
71,20,2,2,0,0,0,0,0,0,0,0,0,0,0,0,no
10,10,10,10,10,10,10,10,10,10,10,10,10,10,10,10,yes
10,10,10,10,10,10,10,10,10,10,10,10,10,10,10,10,yes
25,21,0,2,0,5,0,0,0,0,0,0,0,0,0,0,no
36,33,0,2,0,3,0,0,0,0,0,0,0,0,0,0,no
10,10,10,10,10,10,10,10,10,10,10,10,10,10,10,10,yes
10,10,10,10,10,10,10,10,10,10,10,10,10,10,10,10,yes
10,10,10,10,10,10,10,10,10,10,10,10,10,10,10,10,yes
57,49,0,2,0,6,0,0,0,0,0,0,0,0,0,0,no
72,15,2,2,0,0,0,0,0,0,1,0,0,0,0,0,no
10,10,10,10,10,10,10,10,10,10,10,10,10,10,10,10,yes
10,10,10,10,10,10,10,10,10,10,10,10,10,10,10,10,yes
10,10,10,10,10,10,10,10,10,10,10,10,10,10,10,10,yes
133,14,2,2,0,0,0,0,0,0,1,0,0,0,0,0,no
10,10,10,10,10,10,10,10,10,10,10,10,10,10,10,10,yes
10,10,10,10,10,10,10,10,10,10,10,10,10,10,10,10,yes
10,10,10,10,10,10,10,10,10,10,10,10,10,10,10,10,yes
10,10,10,10,10,10,10,10,10,10,10,10,10,10,10,10,yes
10,10,10,10,10,10,10,10,10,10,10,10,10,10,10,10,yes
10,10,10,10,10,10,10,10,10,10,10,10,10,10,10,10,yes
10,10,10,10,10,10,10,10,10,10,10,10,10,10,10,10,yes
10,10,10,10,10,10,10,10,10,10,10,10,10,10,10,10,yes
87,23,2,2,0,2,0,0,0,0,0,0,0,0,0,0,no
34,9,1,1,0,0,0,0,0,0,0,0,0,0,0,0,no
42,10,2,2,0,0,0,0,0,0,0,0,0,0,0,0,no
10,10,10,10,10,10,10,10,10,10,10,10,10,10,10,10,yes
17,1,1,1,0,0,0,0,0,0,0,0,0,0,0,0,no
10,10,10,10,10,10,10,10,10,10,10,10,10,10,10,10,yes
10,10,10,10,10,10,10,10,10,10,10,10,10,10,10,10,yes
35,9,1,1,0,0,0,0,0,0,0,0,0,0,0,0,no
40,11,1,1,0,0,0,0,0,0,0,0,0,0,0,0,no
279,28,2,2,0,0,0,0,0,1,0,0,0,0,0,0,no
87,17,2,2,0,0,0,0,0,0,1,0,0,0,0,0,no
10,10,10,10,10,10,10,10,10,10,10,10,10,10,10,10,yes
131,47,3,3,0,0,0,0,0,0,0,0,0,0,0,0,no
10,10,10,10,10,10,10,10,10,10,10,10,10,10,10,10,yes
10,10,10,10,10,10,10,10,10,10,10,10,10,10,10,10,yes
10,10,10,10,10,10,10,10,10,10,10,10,10,10,10,10,yes
10,10,10,10,10,10,10,10,10,10,10,10,10,10,10,10,yes
10,10,10,10,10,10,10,10,10,10,10,10,10,10,10,10,yes
10,10,10,10,10,10,10,10,10,10,10,10,10,10,10,10,yes
28,5,1,1,0,0,0,0,0,0,0,0,0,0,0,0,no
23,4,2,2,0,0,0,0,0,0,0,0,0,0,0,0,no
10,10,10,10,10,10,10,10,10,10,10,10,10,10,10,10,yes
10,10,10,10,10,10,10,10,10,10,10,10,10,10,10,10,yes
27,7,1,1,0,0,0,0,0,0,0,0,0,0,0,0,no
10,10,10,10,10,10,10,10,10,10,10,10,10,10,10,10,yes
27,6,2,2,0,0,0,0,0,1,0,0,0,0,0,0,no
25,3,1,1,0,0,0,0,0,0,0,0,0,0,0,0,no
10,10,10,10,10,10,10,10,10,10,10,10,10,10,10,10,yes
10,10,10,10,10,10,10,10,10,10,10,10,10,10,10,10,yes
99,25,1,1,0,0,0,0,0,0,0,0,0,0,0,0,no
10,10,10,10,10,10,10,10,10,10,10,10,10,10,10,10,yes
37,5,2,2,0,0,0,0,0,0,0,0,0,0,0,0,no
31,8,1,1,0,0,0,0,0,0,0,0,0,0,0,0,no
10,10,10,10,10,10,10,10,10,10,10,10,10,10,10,10,yes
157,21,2,2,0,0,0,0,0,1,0,0,0,0,0,0,no
117,38,2,2,0,2,0,0,0,0,0,0,0,0,0,0,no
70,17,2,2,0,0,0,0,0,0,1,0,0,0,0,0,no
10,10,10,10,10,10,10,10,10,10,10,10,10,10,10,10,yes
38,26,2,2,0,0,0,0,0,0,1,0,0,0,0,0,no
10,10,10,10,10,10,10,10,10,10,10,10,10,10,10,10,yes
25,6,1,1,0,0,0,0,0,0,0,0,0,0,0,0,no
10,10,10,10,10,10,10,10,10,10,10,10,10,10,10,10,yes
10,10,10,10,10,10,10,10,10,10,10,10,10,10,10,10,yes
10,10,10,10,10,10,10,10,10,10,10,10,10,10,10,10,yes
10,10,10,10,10,10,10,10,10,10,10,10,10,10,10,10,yes
63,13,2,2,0,0,0,0,0,0,1,0,0,0,0,0,no
76,23,2,2,0,0,0,0,0,0,0,0,0,0,0,0,no
10,10,10,10,10,10,10,10,10,10,10,10,10,10,10,10,yes
10,10,10,10,10,10,10,10,10,10,10,10,10,10,10,10,yes
24,5,2,2,0,0,0,0,0,1,0,0,0,0,0,0,no
53,14,2,2,0,0,0,0,0,0,0,0,0,0,0,0,no
41,10,2,2,0,0,0,0,0,1,0,0,0,0,0,0,no
10,10,10,10,10,10,10,10,10,10,10,10,10,10,10,10,yes
61,9,2,2,0,0,0,0,0,0,0,0,0,0,0,0,no
10,10,10,10,10,10,10,10,10,10,10,10,10,10,10,10,yes
74,7,1,1,0,0,0,0,0,0,0,0,0,0,0,0,no
10,10,10,10,10,10,10,10,10,10,10,10,10,10,10,10,yes
356,29,4,4,0,0,0,0,0,0,0,0,0,0,0,0,no
48,19,2,2,0,0,0,0,0,0,0,0,0,0,0,0,no
25,21,0,2,0,5,0,0,0,0,0,0,0,0,0,0,no
70,29,6,4,0,5,0,0,0,0,0,0,0,0,0,0,no
30,19,1,1,0,0,0,0,0,0,0,0,0,0,0,0,no
10,10,10,10,10,10,10,10,10,10,10,10,10,10,10,10,yes
10,10,10,10,10,10,10,10,10,10,10,10,10,10,10,10,yes
39,8,2,2,0,0,0,0,0,0,0,0,0,0,0,0,no
115,29,1,1,0,0,0,0,0,0,0,0,0,0,0,0,no
46,8,3,3,0,0,0,0,0,0,0,0,0,0,0,0,no
32,29,0,2,0,3,0,0,0,0,0,0,0,0,0,0,no
33,7,2,2,0,0,0,0,0,0,0,0,0,0,0,0,no
10,10,10,10,10,10,10,10,10,10,10,10,10,10,10,10,yes
10,10,10,10,10,10,10,10,10,10,10,10,10,10,10,10,yes
48,7,2,2,0,0,0,0,0,0,0,0,0,0,0,0,no
10,10,10,10,10,10,10,10,10,10,10,10,10,10,10,10,yes
10,10,10,10,10,10,10,10,10,10,10,10,10,10,10,10,yes
57,43,0,3,0,15,0,0,0,0,0,0,0,0,0,0,no
10,10,10,10,10,10,10,10,10,10,10,10,10,10,10,10,yes
10,10,10,10,10,10,10,10,10,10,10,10,10,10,10,10,yes
39,13,2,2,0,0,0,0,0,0,0,0,0,0,0,0,no
10,10,10,10,10,10,10,10,10,10,10,10,10,10,10,10,yes
27,7,1,1,0,0,0,0,0,0,0,0,0,0,0,0,no
76,30,2,2,0,1,0,0,0,0,0,0,0,0,0,0,no
10,10,10,10,10,10,10,10,10,10,10,10,10,10,10,10,yes
10,10,10,10,10,10,10,10,10,10,10,10,10,10,10,10,yes
38,7,1,1,0,0,0,0,0,0,0,0,0,0,0,0,no
10,10,10,10,10,10,10,10,10,10,10,10,10,10,10,10,yes
68,20,3,3,0,0,0,0,0,1,1,0,0,0,0,0,no
10,10,10,10,10,10,10,10,10,10,10,10,10,10,10,10,yes
27,9,2,2,0,1,0,0,0,0,0,0,0,0,0,0,no
37,11,2,2,0,0,0,0,0,0,0,0,0,0,0,0,no
126,91,0,2,0,37,0,0,0,0,1,0,0,0,0,0,no
22,4,1,1,0,0,0,0,0,0,0,0,0,0,0,0,no
33,5,2,2,1,0,0,0,0,0,0,0,0,0,0,0,no
10,10,10,10,10,10,10,10,10,10,10,10,10,10,10,10,yes
10,10,10,10,10,10,10,10,10,10,10,10,10,10,10,10,yes
54,12,2,2,0,0,0,0,0,0,0,0,0,0,0,0,no
23,5,1,1,0,0,0,0,0,0,0,0,0,0,0,0,no
32,5,2,2,1,0,0,0,0,0,0,0,0,0,0,0,no
100,30,2,2,0,0,0,0,0,0,1,0,0,0,0,0,no
60,47,0,2,0,5,0,0,0,0,0,0,0,0,0,0,no
10,10,10,10,10,10,10,10,10,10,10,10,10,10,10,10,yes
51,14,2,2,0,0,0,0,0,0,0,0,0,0,0,0,no
10,10,10,10,10,10,10,10,10,10,10,10,10,10,10,10,yes
20,2,1,1,0,0,0,0,0,0,0,0,0,0,0,0,no
10,10,10,10,10,10,10,10,10,10,10,10,10,10,10,10,yes
20,4,1,1,0,0,0,0,0,0,0,0,0,0,0,0,no
10,10,10,10,10,10,10,10,10,10,10,10,10,10,10,10,yes
10,10,10,10,10,10,10,10,10,10,10,10,10,10,10,10,yes
322,126,3,3,0,0,0,0,0,0,0,0,0,0,0,0,no
61,19,2,2,0,0,0,0,0,0,0,0,0,0,0,0,no
63,23,2,2,0,0,0,0,0,0,0,0,0,0,0,0,no
10,10,10,10,10,10,10,10,10,10,10,10,10,10,10,10,yes
64,24,2,2,0,0,0,0,0,0,0,0,0,0,0,0,no
66,17,2,2,1,0,0,0,0,0,0,0,0,0,0,0,no
471,469,0,5,0,53,0,0,0,0,1,0,0,0,0,0,no
10,10,10,10,10,10,10,10,10,10,10,10,10,10,10,10,yes
10,10,10,10,10,10,10,10,10,10,10,10,10,10,10,10,yes
35,14,2,2,0,1,0,0,0,0,0,0,0,0,0,0,no
10,10,10,10,10,10,10,10,10,10,10,10,10,10,10,10,yes
10,10,10,10,10,10,10,10,10,10,10,10,10,10,10,10,yes
10,10,10,10,10,10,10,10,10,10,10,10,10,10,10,10,yes
10,10,10,10,10,10,10,10,10,10,10,10,10,10,10,10,yes
66,15,2,2,0,0,0,0,0,0,1,0,0,0,0,0,no
10,10,10,10,10,10,10,10,10,10,10,10,10,10,10,10,yes
10,10,10,10,10,10,10,10,10,10,10,10,10,10,10,10,yes
10,10,10,10,10,10,10,10,10,10,10,10,10,10,10,10,yes
45,19,2,2,0,0,0,0,0,0,0,0,0,0,0,0,no
10,10,10,10,10,10,10,10,10,10,10,10,10,10,10,10,yes
10,10,10,10,10,10,10,10,10,10,10,10,10,10,10,10,yes
10,10,10,10,10,10,10,10,10,10,10,10,10,10,10,10,yes
32,20,2,2,0,0,0,0,0,0,1,0,0,0,0,0,no
43,18,2,2,0,0,0,0,0,0,0,0,0,0,0,0,no
90,32,2,2,0,0,0,0,0,0,0,0,0,0,0,0,no
10,10,10,10,10,10,10,10,10,10,10,10,10,10,10,10,yes
10,10,10,10,10,10,10,10,10,10,10,10,10,10,10,10,yes
69,19,1,1,0,0,0,0,0,0,0,0,0,0,0,0,no
50,15,2,2,0,0,0,0,0,0,0,0,0,0,0,0,no
30,6,1,1,0,0,0,0,0,0,0,0,0,0,0,0,no
10,10,10,10,10,10,10,10,10,10,10,10,10,10,10,10,yes
10,10,10,10,10,10,10,10,10,10,10,10,10,10,10,10,yes
10,10,10,10,10,10,10,10,10,10,10,10,10,10,10,10,yes
12,5,2,2,0,0,0,0,0,0,0,0,0,0,0,0,no
10,10,10,10,10,10,10,10,10,10,10,10,10,10,10,10,yes
10,10,10,10,10,10,10,10,10,10,10,10,10,10,10,10,yes
10,10,10,10,10,10,10,10,10,10,10,10,10,10,10,10,yes
134,92,0,3,0,41,0,0,0,0,0,0,0,0,0,0,no
119,44,2,2,0,0,0,0,0,0,0,0,0,0,1,1,no
85,21,2,2,0,0,0,0,0,0,1,0,0,0,0,0,no
94,55,2,2,0,0,0,0,0,0,0,0,0,0,0,0,no
29,11,2,2,0,0,0,0,0,0,0,0,0,0,0,0,no
102,20,2,2,0,0,7,7,0,0,1,0,0,0,0,0,no
10,10,10,10,10,10,10,10,10,10,10,10,10,10,10,10,yes
10,10,10,10,10,10,10,10,10,10,10,10,10,10,10,10,yes
17,2,1,1,0,0,0,0,0,0,0,0,0,0,0,0,no
39,13,2,2,0,0,0,0,0,0,0,0,0,0,0,0,no
10,10,10,10,10,10,10,10,10,10,10,10,10,10,10,10,yes
86,33,2,1,0,2,0,0,0,0,0,0,0,0,0,0,no
629,199,2,2,0,0,0,0,0,1,0,0,0,0,0,0,no
34,15,2,2,0,0,0,0,0,0,0,0,0,0,0,0,no
39,13,2,2,0,0,0,0,0,0,0,0,0,0,0,0,no
10,10,10,10,10,10,10,10,10,10,10,10,10,10,10,10,yes
10,10,10,10,10,10,10,10,10,10,10,10,10,10,10,10,yes
10,10,10,10,10,10,10,10,10,10,10,10,10,10,10,10,yes
10,10,10,10,10,10,10,10,10,10,10,10,10,10,10,10,yes
10,10,10,10,10,10,10,10,10,10,10,10,10,10,10,10,yes
10,10,10,10,10,10,10,10,10,10,10,10,10,10,10,10,yes
49,18,2,2,0,2,0,0,0,0,1,0,0,0,0,0,no
10,10,10,10,10,10,10,10,10,10,10,10,10,10,10,10,yes
10,10,10,10,10,10,10,10,10,10,10,10,10,10,10,10,yes
10,10,10,10,10,10,10,10,10,10,10,10,10,10,10,10,yes
10,10,10,10,10,10,10,10,10,10,10,10,10,10,10,10,yes
40,17,2,2,0,0,0,0,0,0,0,0,0,0,0,0,no
10,10,10,10,10,10,10,10,10,10,10,10,10,10,10,10,yes
10,10,10,10,10,10,10,10,10,10,10,10,10,10,10,10,yes
10,10,10,10,10,10,10,10,10,10,10,10,10,10,10,10,yes
24,5,1,1,0,0,0,0,0,0,0,0,0,0,0,0,no
10,10,10,10,10,10,10,10,10,10,10,10,10,10,10,10,yes
141,17,2,2,0,0,0,0,0,1,0,0,0,0,0,0,no
25,21,0,2,0,5,0,0,0,0,0,0,0,0,0,0,no
41,17,2,2,0,0,0,0,0,0,0,0,0,0,0,0,no
20,3,1,1,0,0,1,0,0,0,0,0,0,0,0,0,no
10,10,10,10,10,10,10,10,10,10,10,10,10,10,10,10,yes
51,13,2,2,0,0,0,0,0,1,0,0,0,0,0,0,no
33,10,1,1,0,0,0,0,0,0,0,0,0,0,0,0,no
78,38,1,1,0,0,0,0,0,0,0,0,0,0,0,0,no
10,10,10,10,10,10,10,10,10,10,10,10,10,10,10,10,yes
85,17,2,2,1,0,0,0,0,0,0,0,0,0,0,0,no
87,20,2,2,0,0,0,0,0,0,1,0,0,0,0,0,no
54,38,0,3,0,17,0,0,0,0,0,0,0,0,0,0,no
10,10,10,10,10,10,10,10,10,10,10,10,10,10,10,10,yes
73,27,2,2,0,0,0,0,0,0,0,0,0,0,0,0,no
10,10,10,10,10,10,10,10,10,10,10,10,10,10,10,10,yes
34,9,2,2,0,0,0,0,0,0,0,0,0,0,0,0,no
42,17,2,2,0,0,0,0,0,0,0,0,0,0,0,0,no
10,10,10,10,10,10,10,10,10,10,10,10,10,10,10,10,yes
53,17,2,2,0,0,0,0,0,0,0,0,0,0,0,0,no
73,30,2,2,0,0,0,0,0,1,0,0,0,0,0,0,no
10,10,10,10,10,10,10,10,10,10,10,10,10,10,10,10,yes
42,4,1,1,0,0,0,0,0,0,0,0,0,0,0,0,no
25,21,0,2,0,5,0,0,0,0,0,0,0,0,0,0,no
208,59,1,1,0,0,0,0,0,0,0,0,0,0,0,0,no
10,10,10,10,10,10,10,10,10,10,10,10,10,10,10,10,yes
44,11,2,2,0,0,0,0,0,1,0,0,0,0,0,0,no
10,10,10,10,10,10,10,10,10,10,10,10,10,10,10,10,yes
11,4,1,1,0,0,0,0,0,0,0,0,0,0,0,0,no
511,31,2,2,1,0,0,0,0,0,0,0,0,0,0,0,no
10,10,10,10,10,10,10,10,10,10,10,10,10,10,10,10,yes
25,11,2,2,0,0,0,0,0,0,0,0,0,0,0,0,no
10,10,10,10,10,10,10,10,10,10,10,10,10,10,10,10,yes
10,10,10,10,10,10,10,10,10,10,10,10,10,10,10,10,yes
99,25,1,1,0,0,0,0,0,0,0,0,0,0,0,0,no
23,3,1,1,0,0,0,0,0,0,0,0,0,0,0,0,no
43,12,2,2,0,0,0,0,0,1,0,0,0,0,0,0,no
21,18,0,2,0,4,0,0,0,0,0,0,0,0,0,0,no
10,10,10,10,10,10,10,10,10,10,10,10,10,10,10,10,yes
10,10,10,10,10,10,10,10,10,10,10,10,10,10,10,10,yes
10,10,10,10,10,10,10,10,10,10,10,10,10,10,10,10,yes
10,10,10,10,10,10,10,10,10,10,10,10,10,10,10,10,yes
39,13,2,2,0,0,0,0,0,0,0,0,0,0,0,0,no
167,48,2,2,0,6,0,0,0,0,0,0,0,0,0,0,no
10,10,10,10,10,10,10,10,10,10,10,10,10,10,10,10,yes
10,10,10,10,10,10,10,10,10,10,10,10,10,10,10,10,yes
10,10,10,10,10,10,10,10,10,10,10,10,10,10,10,10,yes
188,61,2,2,0,0,0,0,0,0,0,0,0,0,0,0,no
37,10,1,1,0,0,0,0,0,0,0,0,0,0,0,0,no
10,10,10,10,10,10,10,10,10,10,10,10,10,10,10,10,yes
10,10,10,10,10,10,10,10,10,10,10,10,10,10,10,10,yes
10,10,10,10,10,10,10,10,10,10,10,10,10,10,10,10,yes
10,10,10,10,10,10,10,10,10,10,10,10,10,10,10,10,yes
10,10,10,10,10,10,10,10,10,10,10,10,10,10,10,10,yes
39,16,2,2,0,0,0,0,0,0,0,0,0,0,0,0,no
10,10,10,10,10,10,10,10,10,10,10,10,10,10,10,10,yes
10,10,10,10,10,10,10,10,10,10,10,10,10,10,10,10,yes
36,12,2,2,0,0,0,0,0,0,0,0,0,0,0,0,no
65,25,1,1,0,0,0,0,0,0,0,0,0,0,0,0,no
13,10,0,1,0,3,0,0,0,0,0,0,0,0,0,0,no
10,10,10,10,10,10,10,10,10,10,10,10,10,10,10,10,yes
77,59,0,2,0,23,0,0,0,0,0,0,0,0,0,0,no
10,10,10,10,10,10,10,10,10,10,10,10,10,10,10,10,yes
10,10,10,10,10,10,10,10,10,10,10,10,10,10,10,10,yes
10,10,10,10,10,10,10,10,10,10,10,10,10,10,10,10,yes
29,5,2,2,0,0,0,0,0,0,0,0,0,0,0,0,no
10,10,10,10,10,10,10,10,10,10,10,10,10,10,10,10,yes
121,35,2,2,0,0,0,0,0,0,0,0,0,0,0,0,no
31,3,1,1,0,0,0,0,0,0,0,0,0,0,0,0,no
10,10,10,10,10,10,10,10,10,10,10,10,10,10,10,10,yes
31,9,2,2,0,0,0,0,0,0,0,0,0,0,0,0,no
36,28,0,3,0,9,0,0,0,0,0,0,0,0,0,0,no
80,55,0,3,0,26,0,0,0,0,0,0,0,0,0,0,no
10,10,10,10,10,10,10,10,10,10,10,10,10,10,10,10,yes
172,63,1,1,0,0,0,0,0,0,0,0,0,0,0,0,no
48,16,2,2,0,0,0,0,0,0,0,0,0,0,0,0,no
10,10,10,10,10,10,10,10,10,10,10,10,10,10,10,10,yes
10,10,10,10,10,10,10,10,10,10,10,10,10,10,10,10,yes
10,10,10,10,10,10,10,10,10,10,10,10,10,10,10,10,yes
10,10,10,10,10,10,10,10,10,10,10,10,10,10,10,10,yes
10,10,10,10,10,10,10,10,10,10,10,10,10,10,10,10,yes
10,10,10,10,10,10,10,10,10,10,10,10,10,10,10,10,yes
10,10,10,10,10,10,10,10,10,10,10,10,10,10,10,10,yes
10,10,10,10,10,10,10,10,10,10,10,10,10,10,10,10,yes
87,23,1,1,0,0,0,0,0,0,0,0,0,0,0,0,no
120,32,1,1,0,0,0,0,0,0,0,0,0,0,0,0,no
10,10,10,10,10,10,10,10,10,10,10,10,10,10,10,10,yes
36,11,2,2,0,0,0,0,0,0,0,0,0,0,0,0,no
10,10,10,10,10,10,10,10,10,10,10,10,10,10,10,10,yes
10,10,10,10,10,10,10,10,10,10,10,10,10,10,10,10,yes
10,10,10,10,10,10,10,10,10,10,10,10,10,10,10,10,yes
72,22,1,1,0,0,0,0,0,0,0,0,0,0,0,0,no
18,14,0,2,0,5,0,0,0,0,0,0,0,0,0,0,no
29,10,2,2,0,0,0,0,0,0,0,0,0,0,0,0,no
10,10,10,10,10,10,10,10,10,10,10,10,10,10,10,10,yes
10,10,10,10,10,10,10,10,10,10,10,10,10,10,10,10,yes
25,21,0,2,0,5,0,0,0,0,0,0,0,0,0,0,no
50,14,2,2,0,0,0,0,0,0,0,0,0,0,0,0,no
10,10,10,10,10,10,10,10,10,10,10,10,10,10,10,10,yes
310,98,2,2,0,0,0,0,0,0,0,0,0,0,0,0,no
35,7,2,2,0,0,0,0,0,0,0,0,0,0,0,0,no
10,10,10,10,10,10,10,10,10,10,10,10,10,10,10,10,yes
10,10,10,10,10,10,10,10,10,10,10,10,10,10,10,10,yes
10,10,10,10,10,10,10,10,10,10,10,10,10,10,10,10,yes
10,10,10,10,10,10,10,10,10,10,10,10,10,10,10,10,yes
10,10,10,10,10,10,10,10,10,10,10,10,10,10,10,10,yes
51,7,2,2,1,0,0,0,0,0,0,0,0,0,0,0,no
54,14,1,1,0,0,0,0,0,0,1,0,0,0,0,0,no
43,12,2,2,0,0,0,0,0,1,0,0,0,0,0,0,no
47,11,1,1,0,0,0,0,0,0,0,0,0,0,0,0,no
36,11,2,2,0,0,0,0,0,0,0,0,0,0,0,0,no
37,16,2,2,0,0,0,0,0,0,0,0,0,0,0,0,no
21,4,2,2,0,0,0,0,0,0,0,0,0,0,0,0,no
83,12,1,1,0,0,0,0,0,0,0,0,0,0,0,0,no
58,31,1,1,0,0,0,0,0,0,0,13,0,0,0,0,no
10,10,10,10,10,10,10,10,10,10,10,10,10,10,10,10,yes
25,7,2,2,0,1,0,0,0,0,0,0,0,0,0,0,no
24,6,1,1,0,0,0,0,0,0,0,0,0,0,0,0,no
10,10,10,10,10,10,10,10,10,10,10,10,10,10,10,10,yes
10,10,10,10,10,10,10,10,10,10,10,10,10,10,10,10,yes
94,22,1,1,0,0,0,0,0,0,0,0,0,0,0,0,no
10,10,10,10,10,10,10,10,10,10,10,10,10,10,10,10,yes
10,10,10,10,10,10,10,10,10,10,10,10,10,10,10,10,yes
10,10,10,10,10,10,10,10,10,10,10,10,10,10,10,10,yes
65,33,2,2,0,0,0,0,0,0,0,0,0,0,0,0,no
10,10,10,10,10,10,10,10,10,10,10,10,10,10,10,10,yes
10,10,10,10,10,10,10,10,10,10,10,10,10,10,10,10,yes
23,5,1,1,0,0,0,0,0,0,0,0,0,0,0,0,no
10,10,10,10,10,10,10,10,10,10,10,10,10,10,10,10,yes
36,29,0,2,0,4,0,0,0,0,1,0,0,0,0,0,no
10,10,10,10,10,10,10,10,10,10,10,10,10,10,10,10,yes
32,9,2,2,0,0,0,0,0,0,0,0,0,0,0,0,no
10,10,10,10,10,10,10,10,10,10,10,10,10,10,10,10,yes
10,10,10,10,10,10,10,10,10,10,10,10,10,10,10,10,yes
10,10,10,10,10,10,10,10,10,10,10,10,10,10,10,10,yes
62,15,2,2,0,0,0,0,0,0,0,0,0,0,0,0,no
10,10,10,10,10,10,10,10,10,10,10,10,10,10,10,10,yes
55,19,2,2,0,0,0,0,0,1,0,0,0,0,0,0,no
186,68,2,2,0,0,0,0,0,0,0,0,0,0,0,0,no
26,6,1,1,0,0,0,0,0,0,0,0,0,0,0,0,no
63,15,2,2,0,0,0,0,0,0,1,0,0,0,0,0,no
10,10,10,10,10,10,10,10,10,10,10,10,10,10,10,10,yes
10,10,10,10,10,10,10,10,10,10,10,10,10,10,10,10,yes
115,44,3,3,0,0,0,0,0,0,0,0,0,0,0,0,no
72,28,2,2,0,0,0,0,0,0,0,0,0,0,0,0,no
10,10,10,10,10,10,10,10,10,10,10,10,10,10,10,10,yes
35,9,3,3,0,0,0,0,0,0,0,0,0,0,0,0,no
184,49,2,2,0,0,0,0,0,0,0,0,0,0,0,0,no
22,19,0,2,0,4,0,0,0,0,0,0,0,0,0,0,no
55,46,0,2,0,10,0,0,0,0,1,0,0,0,0,0,no
35,10,1,1,0,0,0,0,0,0,1,0,0,0,0,0,no
26,6,1,1,0,0,0,0,0,0,0,0,0,0,0,0,no
45,15,2,2,0,0,0,0,0,0,0,0,0,0,0,0,no
10,10,10,10,10,10,10,10,10,10,10,10,10,10,10,10,yes
66,23,2,2,0,0,0,0,0,0,0,0,0,0,0,0,no
10,10,10,10,10,10,10,10,10,10,10,10,10,10,10,10,yes
30,7,2,2,0,0,0,0,0,0,0,0,0,0,0,0,no
10,10,10,10,10,10,10,10,10,10,10,10,10,10,10,10,yes
10,10,10,10,10,10,10,10,10,10,10,10,10,10,10,10,yes
10,10,10,10,10,10,10,10,10,10,10,10,10,10,10,10,yes
10,10,10,10,10,10,10,10,10,10,10,10,10,10,10,10,yes
12,5,2,2,0,0,0,0,0,0,0,0,0,0,0,0,no
24,4,1,1,0,0,0,0,0,0,0,0,0,0,0,0,no
18,2,1,1,0,0,0,0,0,0,0,0,0,0,0,0,no
10,10,10,10,10,10,10,10,10,10,10,10,10,10,10,10,yes
42,37,0,2,0,7,0,0,0,0,0,0,0,0,0,0,no
10,10,10,10,10,10,10,10,10,10,10,10,10,10,10,10,yes
10,10,10,10,10,10,10,10,10,10,10,10,10,10,10,10,yes
10,10,10,10,10,10,10,10,10,10,10,10,10,10,10,10,yes
35,32,0,2,0,3,0,0,0,0,0,0,0,0,0,0,no
10,10,10,10,10,10,10,10,10,10,10,10,10,10,10,10,yes
35,10,2,2,0,0,0,0,0,0,0,0,0,0,0,0,no
10,10,10,10,10,10,10,10,10,10,10,10,10,10,10,10,yes
10,10,10,10,10,10,10,10,10,10,10,10,10,10,10,10,yes
10,10,10,10,10,10,10,10,10,10,10,10,10,10,10,10,yes
10,10,10,10,10,10,10,10,10,10,10,10,10,10,10,10,yes
10,10,10,10,10,10,10,10,10,10,10,10,10,10,10,10,yes
15,12,0,2,0,4,0,0,0,0,0,0,0,0,0,0,no
38,16,2,2,0,0,0,0,0,0,0,0,0,0,0,0,no
10,10,10,10,10,10,10,10,10,10,10,10,10,10,10,10,yes
60,26,2,2,0,0,0,0,0,0,0,0,0,0,0,0,no
173,84,6,4,0,2,0,0,0,0,3,0,0,0,0,0,no
668,37,2,2,0,0,0,0,0,0,0,0,0,0,0,0,no
10,10,10,10,10,10,10,10,10,10,10,10,10,10,10,10,yes
10,10,10,10,10,10,10,10,10,10,10,10,10,10,10,10,yes
61,26,2,2,0,0,0,0,0,0,0,0,0,0,0,0,no
54,15,2,2,0,0,0,0,0,0,0,0,0,0,0,0,no
43,13,2,2,0,0,0,0,0,0,0,0,0,0,0,0,no
10,10,10,10,10,10,10,10,10,10,10,10,10,10,10,10,yes
38,9,2,2,0,0,0,0,0,0,0,0,0,0,0,0,no
10,10,10,10,10,10,10,10,10,10,10,10,10,10,10,10,yes
38,6,1,1,0,0,0,0,0,0,0,0,0,0,0,0,no
10,10,10,10,10,10,10,10,10,10,10,10,10,10,10,10,yes
39,13,2,2,0,0,0,0,0,0,0,0,0,0,0,0,no
120,33,2,2,0,0,0,0,0,0,1,0,0,0,0,0,no
261,24,2,2,1,0,0,0,0,0,0,0,0,0,0,0,no
52,14,2,2,0,0,0,0,0,0,0,0,0,0,0,0,no
44,13,2,2,0,0,0,0,0,0,0,0,0,0,0,0,no
10,10,10,10,10,10,10,10,10,10,10,10,10,10,10,10,yes
58,21,2,2,0,0,0,0,0,0,1,0,0,0,0,0,no
10,10,10,10,10,10,10,10,10,10,10,10,10,10,10,10,yes
10,10,10,10,10,10,10,10,10,10,10,10,10,10,10,10,yes
35,8,2,2,0,0,0,0,0,0,0,0,0,0,0,0,no
48,19,2,2,0,0,0,0,0,0,0,0,0,0,0,0,no
10,10,10,10,10,10,10,10,10,10,10,10,10,10,10,10,yes
17,10,1,1,0,0,0,0,0,0,0,0,0,0,0,0,no
67,30,4,3,0,5,0,0,0,0,0,0,0,0,0,0,no
58,16,1,1,0,0,0,0,0,0,0,0,0,0,0,0,no
10,10,10,10,10,10,10,10,10,10,10,10,10,10,10,10,yes
10,10,10,10,10,10,10,10,10,10,10,10,10,10,10,10,yes
10,10,10,10,10,10,10,10,10,10,10,10,10,10,10,10,yes
37,16,2,2,0,0,0,0,0,0,0,0,0,0,0,0,no
94,26,2,2,0,0,0,0,0,0,0,0,0,0,0,0,no
33,24,0,3,0,10,0,0,0,0,0,0,0,0,0,0,no
149,55,3,3,0,0,0,0,0,0,0,0,0,0,0,0,no
43,14,2,2,0,0,0,0,0,0,0,0,0,0,0,0,no
10,10,10,10,10,10,10,10,10,10,10,10,10,10,10,10,yes
10,10,10,10,10,10,10,10,10,10,10,10,10,10,10,10,yes
109,17,2,2,0,0,0,0,0,0,1,0,0,0,0,0,no
10,10,10,10,10,10,10,10,10,10,10,10,10,10,10,10,yes
242,78,2,2,0,0,0,0,0,0,0,0,0,0,0,0,no
46,12,1,1,0,0,0,0,0,0,0,0,0,0,0,0,no
10,10,10,10,10,10,10,10,10,10,10,10,10,10,10,10,yes
65,17,2,2,0,0,0,0,0,0,0,0,0,0,0,0,no
421,29,2,2,2,0,0,0,0,0,0,0,0,0,0,0,no
10,10,10,10,10,10,10,10,10,10,10,10,10,10,10,10,yes
10,10,10,10,10,10,10,10,10,10,10,10,10,10,10,10,yes
63,18,2,2,0,0,0,0,0,0,0,0,0,0,0,0,no
10,10,10,10,10,10,10,10,10,10,10,10,10,10,10,10,yes
10,10,10,10,10,10,10,10,10,10,10,10,10,10,10,10,yes
10,10,10,10,10,10,10,10,10,10,10,10,10,10,10,10,yes
10,10,10,10,10,10,10,10,10,10,10,10,10,10,10,10,yes
56,12,1,1,0,0,0,0,0,0,0,0,0,0,0,0,no
10,10,10,10,10,10,10,10,10,10,10,10,10,10,10,10,yes
10,10,10,10,10,10,10,10,10,10,10,10,10,10,10,10,yes
10,10,10,10,10,10,10,10,10,10,10,10,10,10,10,10,yes
67,15,1,1,0,0,0,0,0,0,0,0,0,0,0,0,no
10,10,10,10,10,10,10,10,10,10,10,10,10,10,10,10,yes
72,18,2,2,0,0,0,0,0,0,0,0,0,0,0,0,no
10,10,10,10,10,10,10,10,10,10,10,10,10,10,10,10,yes
10,10,10,10,10,10,10,10,10,10,10,10,10,10,10,10,yes
21,5,2,2,0,0,0,0,0,0,0,0,0,0,0,0,no
70,17,2,2,0,0,0,0,0,0,1,0,0,0,0,0,no
19,15,0,2,0,6,0,0,0,0,0,0,0,0,0,0,no
112,50,2,2,2,2,3,4,0,0,1,0,0,0,4,4,no
37,12,2,2,0,0,0,0,0,0,0,0,0,0,0,0,no
10,10,10,10,10,10,10,10,10,10,10,10,10,10,10,10,yes
10,10,10,10,10,10,10,10,10,10,10,10,10,10,10,10,yes
10,10,10,10,10,10,10,10,10,10,10,10,10,10,10,10,yes
149,41,2,2,0,0,0,0,0,0,0,0,0,0,0,0,no
10,10,10,10,10,10,10,10,10,10,10,10,10,10,10,10,yes
155,12,2,2,0,0,0,0,0,1,0,0,0,0,0,0,no
27,7,2,2,0,0,0,0,0,0,0,0,0,0,0,0,no
22,4,2,2,0,0,0,0,0,0,0,0,0,0,0,0,no
26,7,2,2,0,1,0,0,0,1,0,0,0,0,0,0,no
10,10,10,10,10,10,10,10,10,10,10,10,10,10,10,10,yes
72,17,2,2,0,0,0,0,0,0,1,0,0,0,0,0,no
10,10,10,10,10,10,10,10,10,10,10,10,10,10,10,10,yes
10,10,10,10,10,10,10,10,10,10,10,10,10,10,10,10,yes
10,10,10,10,10,10,10,10,10,10,10,10,10,10,10,10,yes
10,10,10,10,10,10,10,10,10,10,10,10,10,10,10,10,yes
618,195,2,2,0,0,0,0,0,1,0,0,0,0,0,0,no
10,10,10,10,10,10,10,10,10,10,10,10,10,10,10,10,yes
10,10,10,10,10,10,10,10,10,10,10,10,10,10,10,10,yes
29,8,1,1,0,0,0,0,0,0,0,0,0,0,0,0,no
10,10,10,10,10,10,10,10,10,10,10,10,10,10,10,10,yes
10,10,10,10,10,10,10,10,10,10,10,10,10,10,10,10,yes
10,10,10,10,10,10,10,10,10,10,10,10,10,10,10,10,yes
10,10,10,10,10,10,10,10,10,10,10,10,10,10,10,10,yes
10,10,10,10,10,10,10,10,10,10,10,10,10,10,10,10,yes
10,10,10,10,10,10,10,10,10,10,10,10,10,10,10,10,yes
126,29,1,1,0,0,0,0,0,0,0,0,0,0,0,0,no
10,10,10,10,10,10,10,10,10,10,10,10,10,10,10,10,yes
89,34,2,2,0,1,0,0,0,0,0,0,0,0,0,0,no
33,7,2,2,0,0,0,0,0,0,0,0,0,0,0,0,no
25,11,2,2,0,0,0,0,0,0,0,0,0,0,0,0,no
79,15,2,2,0,0,0,0,0,0,1,0,0,0,0,0,no
39,13,2,2,0,0,0,0,0,0,0,0,0,0,0,0,no
56,9,3,3,0,0,0,0,0,2,0,0,0,0,0,0,no
17,4,1,1,0,0,0,0,0,0,0,0,0,0,0,0,no
10,10,10,10,10,10,10,10,10,10,10,10,10,10,10,10,yes
10,10,10,10,10,10,10,10,10,10,10,10,10,10,10,10,yes
10,10,10,10,10,10,10,10,10,10,10,10,10,10,10,10,yes
10,10,10,10,10,10,10,10,10,10,10,10,10,10,10,10,yes
59,16,2,2,0,0,0,0,0,0,1,0,0,0,0,0,no
60,28,2,2,0,0,0,0,0,0,0,0,0,0,0,0,no
93,31,2,2,0,0,0,0,1,0,0,0,0,0,0,0,no
31,7,1,1,0,0,0,0,0,0,0,0,0,0,0,0,no
10,10,10,10,10,10,10,10,10,10,10,10,10,10,10,10,yes
10,10,10,10,10,10,10,10,10,10,10,10,10,10,10,10,yes
10,10,10,10,10,10,10,10,10,10,10,10,10,10,10,10,yes
30,8,2,2,0,0,0,0,0,0,0,0,0,0,0,0,no
10,10,10,10,10,10,10,10,10,10,10,10,10,10,10,10,yes
10,10,10,10,10,10,10,10,10,10,10,10,10,10,10,10,yes
21,5,2,2,0,0,0,0,0,0,0,0,0,0,0,0,no
10,10,10,10,10,10,10,10,10,10,10,10,10,10,10,10,yes
52,17,2,2,0,0,0,0,0,0,0,0,0,0,0,0,no
10,10,10,10,10,10,10,10,10,10,10,10,10,10,10,10,yes
20,4,1,1,0,0,0,0,0,0,0,0,0,0,0,0,no
41,13,1,1,0,0,0,0,0,1,0,0,0,0,0,0,no
10,10,10,10,10,10,10,10,10,10,10,10,10,10,10,10,yes
27,22,0,2,0,7,0,0,0,0,0,0,0,0,0,0,no
26,6,1,1,0,0,0,0,0,0,0,0,0,0,0,0,no
42,9,1,1,0,0,0,0,0,0,0,0,0,0,0,0,no
10,10,10,10,10,10,10,10,10,10,10,10,10,10,10,10,yes
10,10,10,10,10,10,10,10,10,10,10,10,10,10,10,10,yes
20,4,1,1,0,0,0,0,0,0,0,0,0,0,0,0,no
10,10,10,10,10,10,10,10,10,10,10,10,10,10,10,10,yes
82,29,2,2,0,0,0,0,0,0,0,0,0,0,0,0,no
10,10,10,10,10,10,10,10,10,10,10,10,10,10,10,10,yes
10,10,10,10,10,10,10,10,10,10,10,10,10,10,10,10,yes
10,10,10,10,10,10,10,10,10,10,10,10,10,10,10,10,yes
25,5,1,1,0,0,0,0,0,0,0,0,0,0,0,0,no
10,10,10,10,10,10,10,10,10,10,10,10,10,10,10,10,yes
69,50,0,3,0,20,0,0,0,0,0,0,0,0,0,0,no
260,77,2,2,0,0,0,0,0,0,0,0,0,0,0,0,no
10,10,10,10,10,10,10,10,10,10,10,10,10,10,10,10,yes
394,30,2,2,0,0,0,0,0,1,0,0,0,0,0,0,no
10,10,10,10,10,10,10,10,10,10,10,10,10,10,10,10,yes
342,25,2,2,1,0,0,0,0,1,0,0,0,0,0,0,no
61,48,0,1,0,15,0,0,0,0,0,0,0,0,0,0,no
10,10,10,10,10,10,10,10,10,10,10,10,10,10,10,10,yes
10,10,10,10,10,10,10,10,10,10,10,10,10,10,10,10,yes
10,10,10,10,10,10,10,10,10,10,10,10,10,10,10,10,yes
10,10,10,10,10,10,10,10,10,10,10,10,10,10,10,10,yes
10,10,10,10,10,10,10,10,10,10,10,10,10,10,10,10,yes
10,10,10,10,10,10,10,10,10,10,10,10,10,10,10,10,yes
10,10,10,10,10,10,10,10,10,10,10,10,10,10,10,10,yes
18,2,1,1,0,0,0,0,0,0,0,0,0,0,0,0,no
83,34,3,3,0,0,0,0,0,0,0,0,0,0,0,0,no
10,10,10,10,10,10,10,10,10,10,10,10,10,10,10,10,yes
19,6,3,3,0,0,0,0,0,0,0,0,0,0,0,0,no
38,11,1,1,0,0,0,0,0,0,0,0,0,0,0,0,no
71,17,2,2,0,0,0,0,0,0,1,0,0,0,0,0,no
10,10,10,10,10,10,10,10,10,10,10,10,10,10,10,10,yes
10,10,10,10,10,10,10,10,10,10,10,10,10,10,10,10,yes
94,25,2,2,0,0,0,0,0,0,1,0,0,0,0,0,no
10,10,10,10,10,10,10,10,10,10,10,10,10,10,10,10,yes
10,10,10,10,10,10,10,10,10,10,10,10,10,10,10,10,yes
10,10,10,10,10,10,10,10,10,10,10,10,10,10,10,10,yes
10,10,10,10,10,10,10,10,10,10,10,10,10,10,10,10,yes
39,13,2,2,0,0,0,0,0,0,0,0,0,0,0,0,no
81,14,2,2,0,0,0,0,0,0,1,0,0,0,0,0,no
10,10,10,10,10,10,10,10,10,10,10,10,10,10,10,10,yes
10,10,10,10,10,10,10,10,10,10,10,10,10,10,10,10,yes
10,10,10,10,10,10,10,10,10,10,10,10,10,10,10,10,yes
91,67,0,2,0,5,0,0,0,0,0,0,0,0,0,0,no
29,8,1,1,0,0,0,0,0,0,0,0,0,0,0,0,no
81,22,2,2,0,0,0,0,0,0,0,0,0,0,0,0,no
10,10,10,10,10,10,10,10,10,10,10,10,10,10,10,10,yes
24,6,1,1,0,0,0,0,0,0,0,0,0,0,0,0,no
10,10,10,10,10,10,10,10,10,10,10,10,10,10,10,10,yes
60,15,1,1,0,0,0,0,0,0,0,0,0,0,0,0,no
94,33,2,2,0,0,0,0,0,0,0,0,0,0,0,0,no
10,10,10,10,10,10,10,10,10,10,10,10,10,10,10,10,yes
25,11,2,2,0,0,0,0,0,0,0,0,0,0,0,0,no
49,20,2,2,0,0,0,0,0,0,0,0,0,0,0,0,no
10,10,10,10,10,10,10,10,10,10,10,10,10,10,10,10,yes
10,10,10,10,10,10,10,10,10,10,10,10,10,10,10,10,yes
10,10,10,10,10,10,10,10,10,10,10,10,10,10,10,10,yes
24,12,2,2,0,1,0,0,0,0,0,0,0,0,0,0,no
35,10,2,2,0,0,0,0,0,0,0,0,0,0,0,0,no
10,10,10,10,10,10,10,10,10,10,10,10,10,10,10,10,yes
10,10,10,10,10,10,10,10,10,10,10,10,10,10,10,10,yes
10,10,10,10,10,10,10,10,10,10,10,10,10,10,10,10,yes
10,10,10,10,10,10,10,10,10,10,10,10,10,10,10,10,yes
36,10,1,1,0,0,0,0,0,0,0,0,0,0,0,0,no
10,10,10,10,10,10,10,10,10,10,10,10,10,10,10,10,yes
46,38,0,2,0,4,0,0,0,0,0,0,0,0,0,0,no
10,10,10,10,10,10,10,10,10,10,10,10,10,10,10,10,yes
24,3,1,1,0,0,0,0,0,0,0,0,0,0,0,0,no
48,18,2,2,0,0,0,0,0,0,0,0,0,0,0,0,no
10,10,10,10,10,10,10,10,10,10,10,10,10,10,10,10,yes
39,12,2,2,0,0,0,0,0,0,0,0,0,0,0,0,no
10,10,10,10,10,10,10,10,10,10,10,10,10,10,10,10,yes
10,10,10,10,10,10,10,10,10,10,10,10,10,10,10,10,yes
167,52,1,1,0,0,0,0,0,0,0,0,0,0,0,0,no
199,19,2,2,1,0,0,0,0,1,1,0,0,0,0,0,no
10,10,10,10,10,10,10,10,10,10,10,10,10,10,10,10,yes
74,18,2,2,1,0,0,0,0,0,0,0,0,0,0,0,no
10,10,10,10,10,10,10,10,10,10,10,10,10,10,10,10,yes
10,10,10,10,10,10,10,10,10,10,10,10,10,10,10,10,yes
10,10,10,10,10,10,10,10,10,10,10,10,10,10,10,10,yes
10,10,10,10,10,10,10,10,10,10,10,10,10,10,10,10,yes
16,9,1,1,0,0,0,0,0,0,0,0,0,0,0,0,no
22,4,2,2,0,0,0,0,0,0,0,0,0,0,0,0,no
10,10,10,10,10,10,10,10,10,10,10,10,10,10,10,10,yes
31,7,2,2,0,0,0,0,0,0,0,0,0,0,0,0,no
44,40,0,2,0,5,0,0,0,0,0,0,0,0,0,0,no
10,10,10,10,10,10,10,10,10,10,10,10,10,10,10,10,yes
38,11,2,2,0,0,0,0,0,0,0,0,0,0,0,0,no
39,10,2,2,0,0,0,0,0,0,0,0,0,0,0,0,no
10,10,10,10,10,10,10,10,10,10,10,10,10,10,10,10,yes
52,21,2,2,0,0,0,0,0,0,0,0,0,0,0,0,no
10,10,10,10,10,10,10,10,10,10,10,10,10,10,10,10,yes
10,10,10,10,10,10,10,10,10,10,10,10,10,10,10,10,yes
51,18,2,2,0,0,0,0,0,0,0,0,0,0,0,0,no
10,10,10,10,10,10,10,10,10,10,10,10,10,10,10,10,yes
10,10,10,10,10,10,10,10,10,10,10,10,10,10,10,10,yes
10,10,10,10,10,10,10,10,10,10,10,10,10,10,10,10,yes
18,5,2,2,0,1,0,0,0,0,0,0,0,0,0,0,no
10,10,10,10,10,10,10,10,10,10,10,10,10,10,10,10,yes
75,26,2,2,0,0,0,0,0,0,0,0,0,0,1,1,no
34,15,2,2,0,0,0,0,0,0,0,0,0,0,0,0,no
23,3,1,1,0,0,0,0,0,0,0,0,0,0,0,0,no
35,7,2,2,0,0,0,0,0,0,0,0,0,0,0,0,no
10,10,10,10,10,10,10,10,10,10,10,10,10,10,10,10,yes
10,10,10,10,10,10,10,10,10,10,10,10,10,10,10,10,yes
25,21,0,2,0,5,0,0,0,0,0,0,0,0,0,0,no
31,26,0,2,0,4,0,0,0,0,1,0,0,0,0,0,no
181,66,1,1,0,0,2,2,0,0,1,0,0,0,0,0,no
10,10,10,10,10,10,10,10,10,10,10,10,10,10,10,10,yes
10,10,10,10,10,10,10,10,10,10,10,10,10,10,10,10,yes
54,18,2,2,0,0,0,0,0,0,0,0,0,0,0,0,no
10,10,10,10,10,10,10,10,10,10,10,10,10,10,10,10,yes
18,4,2,2,0,0,0,0,0,0,0,0,0,0,0,0,no
36,7,2,2,0,0,0,0,0,0,0,0,0,0,0,0,no
39,13,2,2,0,0,0,0,0,0,0,0,0,0,0,0,no
206,73,1,1,0,0,0,0,0,0,0,0,0,0,0,0,no
10,10,10,10,10,10,10,10,10,10,10,10,10,10,10,10,yes
48,10,1,1,0,0,0,0,0,0,0,0,0,0,0,0,no
10,10,10,10,10,10,10,10,10,10,10,10,10,10,10,10,yes
77,30,2,2,0,0,0,0,0,0,0,0,0,0,0,0,no
46,19,2,2,0,0,0,0,0,0,0,0,0,0,0,0,no
69,20,2,2,0,0,0,0,0,0,0,0,0,0,0,0,no
10,10,10,10,10,10,10,10,10,10,10,10,10,10,10,10,yes
10,10,10,10,10,10,10,10,10,10,10,10,10,10,10,10,yes
43,37,0,2,0,5,0,0,0,0,0,0,0,0,0,0,no
59,16,1,1,0,0,0,0,0,0,0,0,0,0,0,0,no
10,10,10,10,10,10,10,10,10,10,10,10,10,10,10,10,yes
74,56,0,2,0,4,0,0,0,0,0,0,0,0,0,0,no
47,9,2,2,0,0,0,0,0,1,0,0,0,0,0,0,no
10,10,10,10,10,10,10,10,10,10,10,10,10,10,10,10,yes
10,10,10,10,10,10,10,10,10,10,10,10,10,10,10,10,yes
10,10,10,10,10,10,10,10,10,10,10,10,10,10,10,10,yes
39,13,2,2,0,0,0,0,0,0,0,0,0,0,0,0,no
10,10,10,10,10,10,10,10,10,10,10,10,10,10,10,10,yes
10,10,10,10,10,10,10,10,10,10,10,10,10,10,10,10,yes
10,10,10,10,10,10,10,10,10,10,10,10,10,10,10,10,yes
37,10,2,2,0,0,0,0,0,0,0,0,0,0,0,0,no
19,15,0,2,0,6,0,0,0,0,0,0,0,0,0,0,no
10,10,10,10,10,10,10,10,10,10,10,10,10,10,10,10,yes
10,10,10,10,10,10,10,10,10,10,10,10,10,10,10,10,yes
36,7,2,2,0,0,0,0,0,0,0,0,0,0,0,0,no
10,10,10,10,10,10,10,10,10,10,10,10,10,10,10,10,yes
269,80,1,1,0,0,0,0,0,0,0,0,0,0,0,0,no
10,10,10,10,10,10,10,10,10,10,10,10,10,10,10,10,yes
10,10,10,10,10,10,10,10,10,10,10,10,10,10,10,10,yes
10,10,10,10,10,10,10,10,10,10,10,10,10,10,10,10,yes
10,10,10,10,10,10,10,10,10,10,10,10,10,10,10,10,yes
10,10,10,10,10,10,10,10,10,10,10,10,10,10,10,10,yes
34,8,1,1,0,0,0,0,0,0,0,0,0,0,0,0,no
36,23,2,2,0,0,0,0,0,0,1,1,0,0,0,0,no
81,16,2,2,0,0,0,0,0,0,1,0,0,0,0,0,no
10,10,10,10,10,10,10,10,10,10,10,10,10,10,10,10,yes
43,18,2,2,0,0,0,0,0,0,0,0,0,0,0,0,no
10,10,10,10,10,10,10,10,10,10,10,10,10,10,10,10,yes
10,10,10,10,10,10,10,10,10,10,10,10,10,10,10,10,yes
10,10,10,10,10,10,10,10,10,10,10,10,10,10,10,10,yes
52,21,2,2,0,0,0,0,0,0,0,0,0,0,0,0,no
10,10,10,10,10,10,10,10,10,10,10,10,10,10,10,10,yes
81,65,0,2,0,5,0,0,0,0,0,0,0,0,0,0,no
77,17,2,2,1,0,0,0,0,0,0,0,0,0,0,0,no
39,12,2,2,0,0,0,0,0,0,0,0,0,0,0,0,no
63,17,2,2,0,0,0,0,0,0,0,0,0,0,0,0,no
52,11,2,2,0,0,0,0,0,1,0,0,0,0,0,0,no
251,24,3,3,0,0,0,0,0,0,0,0,0,0,0,0,no
35,10,2,2,0,0,0,0,0,0,0,0,0,0,0,0,no
10,10,10,10,10,10,10,10,10,10,10,10,10,10,10,10,yes
46,10,1,1,0,0,0,0,0,0,0,0,0,0,0,0,no
10,10,10,10,10,10,10,10,10,10,10,10,10,10,10,10,yes
39,10,2,2,0,0,0,0,0,0,0,0,0,0,0,0,no
27,7,2,2,0,0,0,0,0,0,0,0,0,0,0,0,no
10,10,10,10,10,10,10,10,10,10,10,10,10,10,10,10,yes
10,10,10,10,10,10,10,10,10,10,10,10,10,10,10,10,yes
10,10,10,10,10,10,10,10,10,10,10,10,10,10,10,10,yes
10,10,10,10,10,10,10,10,10,10,10,10,10,10,10,10,yes
10,10,10,10,10,10,10,10,10,10,10,10,10,10,10,10,yes
224,59,2,2,0,0,0,0,0,0,0,0,0,0,0,0,no
47,14,2,2,0,0,0,0,0,0,0,0,0,0,0,0,no
10,10,10,10,10,10,10,10,10,10,10,10,10,10,10,10,yes
10,10,10,10,10,10,10,10,10,10,10,10,10,10,10,10,yes
92,26,2,2,0,0,0,0,0,0,0,0,0,0,0,0,no
30,9,2,2,0,0,0,0,0,0,0,0,0,0,0,0,no
51,21,2,2,0,1,0,0,0,0,0,0,0,0,0,0,no
52,21,2,2,0,6,0,0,0,0,0,0,0,0,0,0,no
10,10,10,10,10,10,10,10,10,10,10,10,10,10,10,10,yes
39,11,2,2,0,0,0,0,0,0,0,0,0,0,0,0,no
55,17,2,2,0,0,0,0,0,0,0,0,0,0,0,0,no
10,10,10,10,10,10,10,10,10,10,10,10,10,10,10,10,yes
10,10,10,10,10,10,10,10,10,10,10,10,10,10,10,10,yes
35,10,2,2,0,0,0,0,0,0,0,0,0,0,0,0,no
48,19,2,2,0,0,0,0,0,0,0,0,0,0,0,0,no
10,10,10,10,10,10,10,10,10,10,10,10,10,10,10,10,yes
27,7,1,1,0,0,0,0,0,0,0,0,0,0,0,0,no
40,13,2,2,0,0,0,0,0,0,0,0,0,0,0,0,no
10,10,10,10,10,10,10,10,10,10,10,10,10,10,10,10,yes
68,22,2,2,0,0,0,0,0,0,0,0,0,0,0,0,no
22,3,1,1,0,0,0,0,0,0,0,0,0,0,0,0,no
10,10,10,10,10,10,10,10,10,10,10,10,10,10,10,10,yes
10,10,10,10,10,10,10,10,10,10,10,10,10,10,10,10,yes
10,10,10,10,10,10,10,10,10,10,10,10,10,10,10,10,yes
25,21,0,2,0,5,0,0,0,0,0,0,0,0,0,0,no
10,10,10,10,10,10,10,10,10,10,10,10,10,10,10,10,yes
67,49,0,2,0,4,0,0,0,0,0,0,0,0,0,0,no
32,21,1,1,0,0,0,0,0,0,0,0,0,0,0,0,no
291,26,2,2,1,0,0,0,0,0,0,0,0,0,0,0,no
10,10,10,10,10,10,10,10,10,10,10,10,10,10,10,10,yes
48,12,1,1,0,0,0,0,0,0,0,0,0,0,0,0,no
10,10,10,10,10,10,10,10,10,10,10,10,10,10,10,10,yes
115,46,2,1,0,3,0,0,0,0,0,0,0,0,0,0,no
10,10,10,10,10,10,10,10,10,10,10,10,10,10,10,10,yes
10,10,10,10,10,10,10,10,10,10,10,10,10,10,10,10,yes
10,10,10,10,10,10,10,10,10,10,10,10,10,10,10,10,yes
41,17,2,2,0,0,0,0,0,0,0,0,0,0,0,0,no
10,10,10,10,10,10,10,10,10,10,10,10,10,10,10,10,yes
23,5,1,1,0,0,0,0,0,0,0,0,0,0,0,0,no
10,10,10,10,10,10,10,10,10,10,10,10,10,10,10,10,yes
78,60,0,2,0,15,0,0,0,0,0,0,0,0,0,0,no
21,3,1,1,0,0,0,0,0,0,0,0,0,0,0,0,no
10,10,10,10,10,10,10,10,10,10,10,10,10,10,10,10,yes
162,65,2,1,0,8,0,0,0,0,0,0,0,0,0,0,no
65,15,2,2,0,0,0,0,0,0,0,0,0,0,0,0,no
10,10,10,10,10,10,10,10,10,10,10,10,10,10,10,10,yes
98,24,2,2,0,0,0,0,0,1,0,0,0,0,0,0,no
10,10,10,10,10,10,10,10,10,10,10,10,10,10,10,10,yes
29,7,1,1,0,0,0,0,0,0,0,0,0,0,0,0,no
10,10,10,10,10,10,10,10,10,10,10,10,10,10,10,10,yes
10,10,10,10,10,10,10,10,10,10,10,10,10,10,10,10,yes
10,10,10,10,10,10,10,10,10,10,10,10,10,10,10,10,yes
36,9,2,2,0,1,0,0,0,0,0,0,0,0,0,0,no
42,14,2,2,0,0,0,0,0,0,0,0,0,0,0,0,no
165,45,1,1,0,0,0,0,0,0,0,0,0,0,0,0,no
31,7,2,2,0,0,0,0,0,0,0,0,0,0,0,0,no
10,10,10,10,10,10,10,10,10,10,10,10,10,10,10,10,yes
10,10,10,10,10,10,10,10,10,10,10,10,10,10,10,10,yes
10,10,10,10,10,10,10,10,10,10,10,10,10,10,10,10,yes
46,42,0,2,0,5,0,0,0,0,0,0,0,0,0,0,no
10,10,10,10,10,10,10,10,10,10,10,10,10,10,10,10,yes
15,12,0,2,0,4,0,0,0,0,0,0,0,0,0,0,no
75,16,2,2,0,0,0,0,0,0,1,0,0,0,0,0,no
39,15,2,2,0,0,0,0,0,0,0,0,0,0,0,0,no
10,10,10,10,10,10,10,10,10,10,10,10,10,10,10,10,yes
10,10,10,10,10,10,10,10,10,10,10,10,10,10,10,10,yes
10,10,10,10,10,10,10,10,10,10,10,10,10,10,10,10,yes
10,10,10,10,10,10,10,10,10,10,10,10,10,10,10,10,yes
23,4,1,1,0,0,0,0,1,0,0,0,0,0,0,0,no
91,30,2,2,0,0,0,0,0,0,0,0,0,0,0,0,no
44,14,2,2,0,0,0,0,0,0,0,0,0,0,0,0,no
10,10,10,10,10,10,10,10,10,10,10,10,10,10,10,10,yes
21,4,1,1,0,0,0,0,0,0,0,0,0,0,0,0,no
10,10,10,10,10,10,10,10,10,10,10,10,10,10,10,10,yes
153,19,2,2,0,0,0,0,0,1,0,0,0,0,0,0,no
105,15,2,2,0,0,0,0,0,1,0,0,0,0,0,0,no
10,10,10,10,10,10,10,10,10,10,10,10,10,10,10,10,yes
18,4,2,2,0,0,0,0,0,0,0,0,0,0,0,0,no
10,10,10,10,10,10,10,10,10,10,10,10,10,10,10,10,yes
24,4,1,1,0,0,0,0,0,0,0,0,0,0,0,0,no
10,10,10,10,10,10,10,10,10,10,10,10,10,10,10,10,yes
34,8,1,1,0,0,0,0,0,0,0,0,0,0,0,0,no
36,8,1,1,0,0,0,0,0,0,0,0,0,0,0,0,no
26,6,1,1,0,0,0,0,0,0,0,0,0,0,0,0,no
22,21,0,1,0,7,0,0,0,0,0,0,0,0,0,0,no
10,10,10,10,10,10,10,10,10,10,10,10,10,10,10,10,yes
147,48,1,1,0,0,0,0,0,0,0,0,0,0,0,0,no
10,10,10,10,10,10,10,10,10,10,10,10,10,10,10,10,yes
10,10,10,10,10,10,10,10,10,10,10,10,10,10,10,10,yes
53,18,2,2,0,0,0,0,0,0,0,0,0,0,0,0,no
34,10,2,2,0,0,0,0,0,0,0,0,0,0,0,0,no
10,10,10,10,10,10,10,10,10,10,10,10,10,10,10,10,yes
180,56,4,4,0,0,0,0,0,0,0,0,0,0,0,0,no
10,10,10,10,10,10,10,10,10,10,10,10,10,10,10,10,yes
10,10,10,10,10,10,10,10,10,10,10,10,10,10,10,10,yes
10,10,10,10,10,10,10,10,10,10,10,10,10,10,10,10,yes
123,41,2,2,0,0,0,0,0,0,0,0,0,0,0,0,no
10,10,10,10,10,10,10,10,10,10,10,10,10,10,10,10,yes
10,10,10,10,10,10,10,10,10,10,10,10,10,10,10,10,yes
21,12,2,2,0,0,0,0,0,0,0,0,0,0,0,0,no
10,10,10,10,10,10,10,10,10,10,10,10,10,10,10,10,yes
27,16,1,1,0,0,0,0,0,0,0,0,0,0,0,0,no
10,10,10,10,10,10,10,10,10,10,10,10,10,10,10,10,yes
10,10,10,10,10,10,10,10,10,10,10,10,10,10,10,10,yes
10,10,10,10,10,10,10,10,10,10,10,10,10,10,10,10,yes
10,10,10,10,10,10,10,10,10,10,10,10,10,10,10,10,yes
67,53,0,2,0,4,0,0,0,0,0,0,0,0,0,0,no
10,10,10,10,10,10,10,10,10,10,10,10,10,10,10,10,yes
10,10,10,10,10,10,10,10,10,10,10,10,10,10,10,10,yes
18,2,1,1,0,0,0,0,0,0,0,0,0,0,0,0,no
246,70,1,1,0,0,0,0,0,0,0,0,0,0,0,0,no
104,26,1,1,0,0,0,0,0,0,0,0,0,0,0,0,no
10,10,10,10,10,10,10,10,10,10,10,10,10,10,10,10,yes
25,5,2,2,0,0,0,0,0,0,0,0,0,0,0,0,no
91,18,1,1,0,0,0,0,0,0,0,0,0,0,0,0,no
49,15,2,2,0,0,0,0,0,0,0,0,0,0,0,0,no
58,20,2,2,0,0,0,0,0,0,0,0,0,0,0,0,no
10,10,10,10,10,10,10,10,10,10,10,10,10,10,10,10,yes
10,10,10,10,10,10,10,10,10,10,10,10,10,10,10,10,yes
10,10,10,10,10,10,10,10,10,10,10,10,10,10,10,10,yes
126,20,2,2,0,0,0,0,0,0,1,0,0,0,0,0,no
118,42,2,2,0,0,0,0,0,0,0,0,0,0,0,0,no
29,7,2,2,0,0,0,0,0,0,0,0,0,0,0,0,no
10,10,10,10,10,10,10,10,10,10,10,10,10,10,10,10,yes
10,10,10,10,10,10,10,10,10,10,10,10,10,10,10,10,yes
423,43,0,3,0,13,0,0,0,0,0,0,0,0,0,0,no
10,10,10,10,10,10,10,10,10,10,10,10,10,10,10,10,yes
10,10,10,10,10,10,10,10,10,10,10,10,10,10,10,10,yes
39,28,0,2,0,14,0,0,0,0,0,0,0,0,0,0,no
157,40,2,2,0,0,0,0,0,0,0,0,0,0,0,0,no
59,17,2,2,0,0,0,0,0,0,1,0,0,0,0,0,no
24,18,0,1,0,7,0,0,0,0,0,0,0,0,0,0,no
67,14,2,2,0,0,0,0,0,0,1,0,0,0,0,0,no
144,39,1,1,0,0,0,0,0,0,0,0,0,0,0,0,no
10,10,10,10,10,10,10,10,10,10,10,10,10,10,10,10,yes
110,18,2,2,0,0,0,0,0,0,1,0,0,0,0,0,no
18,2,1,1,0,0,0,0,0,0,0,0,0,0,0,0,no
10,10,10,10,10,10,10,10,10,10,10,10,10,10,10,10,yes
100,29,2,2,0,0,0,0,0,0,0,0,0,0,0,0,no
41,8,1,1,0,0,0,0,0,0,0,0,0,0,0,0,no
40,15,2,2,0,1,0,0,0,0,0,0,0,0,0,0,no
83,32,3,3,0,0,0,0,0,0,0,0,0,0,0,0,no
10,10,10,10,10,10,10,10,10,10,10,10,10,10,10,10,yes
10,10,10,10,10,10,10,10,10,10,10,10,10,10,10,10,yes
10,10,10,10,10,10,10,10,10,10,10,10,10,10,10,10,yes
38,11,1,1,0,0,0,0,0,0,0,0,0,0,0,0,no
10,10,10,10,10,10,10,10,10,10,10,10,10,10,10,10,yes
282,26,2,2,1,0,0,0,0,0,0,0,0,0,0,0,no
10,10,10,10,10,10,10,10,10,10,10,10,10,10,10,10,yes
60,13,2,2,0,0,0,0,0,1,0,0,0,0,0,0,no
34,6,2,2,0,0,0,0,0,0,0,0,0,0,0,0,no
10,10,10,10,10,10,10,10,10,10,10,10,10,10,10,10,yes
14,1,1,1,0,0,0,0,0,0,0,0,0,0,0,0,no
54,38,0,3,0,17,0,0,0,0,0,0,0,0,0,0,no
82,17,2,2,0,0,0,0,0,0,1,0,0,0,0,0,no
10,10,10,10,10,10,10,10,10,10,10,10,10,10,10,10,yes
357,14,2,2,0,0,0,0,0,0,1,0,0,0,0,0,no
24,4,2,2,0,0,0,0,0,0,0,0,0,0,0,0,no
10,10,10,10,10,10,10,10,10,10,10,10,10,10,10,10,yes
25,5,1,1,0,0,0,0,0,0,0,0,0,0,0,0,no
10,10,10,10,10,10,10,10,10,10,10,10,10,10,10,10,yes
10,10,10,10,10,10,10,10,10,10,10,10,10,10,10,10,yes
10,10,10,10,10,10,10,10,10,10,10,10,10,10,10,10,yes
10,10,10,10,10,10,10,10,10,10,10,10,10,10,10,10,yes
65,15,2,2,0,0,0,0,0,0,0,0,0,0,0,0,no
43,11,1,1,0,0,0,0,0,0,0,0,0,0,0,0,no
10,10,10,10,10,10,10,10,10,10,10,10,10,10,10,10,yes
29,7,1,1,0,0,0,0,0,0,0,0,0,0,0,0,no
10,10,10,10,10,10,10,10,10,10,10,10,10,10,10,10,yes
51,7,2,2,1,0,0,0,0,0,0,0,0,0,0,0,no
33,8,1,1,0,0,0,0,0,0,0,0,0,0,0,0,no
305,26,2,2,1,0,0,0,0,1,1,0,0,0,0,0,no
10,10,10,10,10,10,10,10,10,10,10,10,10,10,10,10,yes
47,13,1,1,0,0,0,0,0,0,0,0,0,0,0,0,no
36,10,1,1,0,0,0,0,0,0,0,0,0,0,0,0,no
30,8,2,2,0,1,0,0,0,0,0,0,0,0,0,0,no
10,10,10,10,10,10,10,10,10,10,10,10,10,10,10,10,yes
51,14,2,2,0,0,0,0,0,0,0,0,0,0,0,0,no
77,15,3,3,0,0,0,0,0,2,0,0,0,0,0,0,no
10,10,10,10,10,10,10,10,10,10,10,10,10,10,10,10,yes
110,41,2,2,0,5,0,0,0,0,0,0,0,0,0,0,no
43,14,1,1,0,0,0,0,0,1,0,0,0,0,0,0,no
220,69,2,2,0,0,0,0,0,0,0,0,0,0,0,0,no
10,10,10,10,10,10,10,10,10,10,10,10,10,10,10,10,yes
10,10,10,10,10,10,10,10,10,10,10,10,10,10,10,10,yes
20,4,1,1,0,0,0,0,0,0,0,0,0,0,0,0,no
130,22,2,2,0,0,0,0,0,0,1,0,0,0,0,0,no
10,10,10,10,10,10,10,10,10,10,10,10,10,10,10,10,yes
10,10,10,10,10,10,10,10,10,10,10,10,10,10,10,10,yes
25,22,0,1,0,4,0,0,0,0,0,0,0,0,0,0,no
89,25,1,1,0,0,0,0,0,0,0,0,0,0,0,0,no
10,10,10,10,10,10,10,10,10,10,10,10,10,10,10,10,yes
30,6,2,2,0,0,0,0,0,0,0,0,0,0,0,0,no
16,6,2,2,0,1,0,0,0,0,0,0,0,0,0,0,no
21,5,2,2,0,0,0,0,0,0,0,0,0,0,0,0,no
34,10,2,2,0,0,0,0,0,0,0,0,0,0,0,0,no
10,10,10,10,10,10,10,10,10,10,10,10,10,10,10,10,yes
10,10,10,10,10,10,10,10,10,10,10,10,10,10,10,10,yes
10,10,10,10,10,10,10,10,10,10,10,10,10,10,10,10,yes
48,13,1,1,0,0,0,0,0,0,0,0,0,0,0,0,no
10,10,10,10,10,10,10,10,10,10,10,10,10,10,10,10,yes
112,21,2,2,0,0,0,0,0,1,0,0,0,0,0,0,no
10,10,10,10,10,10,10,10,10,10,10,10,10,10,10,10,yes
24,5,1,1,0,0,0,0,0,0,0,0,0,0,0,0,no
45,14,2,2,0,0,0,0,0,0,0,0,0,0,0,0,no
10,10,10,10,10,10,10,10,10,10,10,10,10,10,10,10,yes
104,22,2,2,0,0,0,0,0,0,1,0,0,0,0,0,no
88,19,1,1,0,0,0,0,0,0,0,0,0,0,0,0,no
10,10,10,10,10,10,10,10,10,10,10,10,10,10,10,10,yes
10,10,10,10,10,10,10,10,10,10,10,10,10,10,10,10,yes
10,10,10,10,10,10,10,10,10,10,10,10,10,10,10,10,yes
16,9,1,1,0,0,0,0,0,0,0,0,0,0,0,0,no
10,10,10,10,10,10,10,10,10,10,10,10,10,10,10,10,yes
17,10,1,1,0,0,0,0,0,0,0,0,0,0,0,0,no
10,10,10,10,10,10,10,10,10,10,10,10,10,10,10,10,yes
10,10,10,10,10,10,10,10,10,10,10,10,10,10,10,10,yes
18,11,1,1,0,0,0,0,0,0,0,0,0,0,0,0,no
44,18,2,2,0,0,0,0,0,0,0,0,0,0,0,0,no
110,43,2,2,0,0,0,0,0,0,0,0,0,0,0,0,no
10,10,10,10,10,10,10,10,10,10,10,10,10,10,10,10,yes
10,10,10,10,10,10,10,10,10,10,10,10,10,10,10,10,yes
10,10,10,10,10,10,10,10,10,10,10,10,10,10,10,10,yes
10,10,10,10,10,10,10,10,10,10,10,10,10,10,10,10,yes
10,10,10,10,10,10,10,10,10,10,10,10,10,10,10,10,yes
10,10,10,10,10,10,10,10,10,10,10,10,10,10,10,10,yes
60,15,1,1,0,0,0,0,0,0,1,0,0,0,0,0,no
87,17,2,2,0,0,0,0,0,0,0,0,0,0,0,0,no
27,7,1,1,0,0,0,0,0,0,0,0,0,0,0,0,no
74,17,2,2,0,0,0,0,0,0,1,0,0,0,0,0,no
34,31,0,2,0,3,0,0,0,0,0,0,0,0,0,0,no
10,10,10,10,10,10,10,10,10,10,10,10,10,10,10,10,yes
55,15,2,2,0,0,0,0,0,1,0,0,0,0,0,0,no
10,10,10,10,10,10,10,10,10,10,10,10,10,10,10,10,yes
10,10,10,10,10,10,10,10,10,10,10,10,10,10,10,10,yes
66,22,2,2,0,1,0,0,0,0,0,0,0,0,0,0,no
10,10,10,10,10,10,10,10,10,10,10,10,10,10,10,10,yes
60,15,3,3,0,0,0,0,0,0,0,0,0,0,0,0,no
15,12,0,2,0,4,0,0,0,0,0,0,0,0,0,0,no
10,10,10,10,10,10,10,10,10,10,10,10,10,10,10,10,yes
10,10,10,10,10,10,10,10,10,10,10,10,10,10,10,10,yes
10,10,10,10,10,10,10,10,10,10,10,10,10,10,10,10,yes
10,10,10,10,10,10,10,10,10,10,10,10,10,10,10,10,yes
67,16,1,1,0,0,0,0,0,0,0,0,0,0,0,0,no
56,22,2,2,0,3,0,0,0,0,0,0,0,0,0,0,no
10,10,10,10,10,10,10,10,10,10,10,10,10,10,10,10,yes
10,10,10,10,10,10,10,10,10,10,10,10,10,10,10,10,yes
39,13,2,2,0,0,0,0,0,0,0,0,0,0,0,0,no
10,10,10,10,10,10,10,10,10,10,10,10,10,10,10,10,yes
17,2,1,1,0,0,0,0,0,0,0,0,0,0,0,0,no
52,46,0,2,0,5,0,0,0,0,0,0,0,0,0,0,no
40,8,1,1,0,0,0,0,0,0,0,0,0,0,0,0,no
10,10,10,10,10,10,10,10,10,10,10,10,10,10,10,10,yes
49,9,2,2,0,0,0,0,0,1,0,0,0,0,0,0,no
196,83,2,2,0,0,0,0,0,0,0,0,0,0,0,0,no
10,10,10,10,10,10,10,10,10,10,10,10,10,10,10,10,yes
40,13,2,2,0,0,0,0,0,0,0,0,0,0,0,0,no
10,10,10,10,10,10,10,10,10,10,10,10,10,10,10,10,yes
10,10,10,10,10,10,10,10,10,10,10,10,10,10,10,10,yes
49,20,2,2,0,0,0,0,0,0,0,0,0,0,0,0,no
243,196,2,2,0,0,0,0,0,0,0,0,0,0,0,0,no
10,10,10,10,10,10,10,10,10,10,10,10,10,10,10,10,yes
10,10,10,10,10,10,10,10,10,10,10,10,10,10,10,10,yes
81,20,2,2,0,0,0,0,0,0,1,0,0,0,0,0,no
10,10,10,10,10,10,10,10,10,10,10,10,10,10,10,10,yes
46,19,2,2,0,0,0,0,0,0,0,0,0,0,0,0,no
10,10,10,10,10,10,10,10,10,10,10,10,10,10,10,10,yes
46,15,2,2,0,1,0,0,0,0,0,0,0,0,0,0,no
54,21,3,3,0,0,0,0,0,0,0,0,0,0,0,0,no
10,10,10,10,10,10,10,10,10,10,10,10,10,10,10,10,yes
192,47,3,3,0,0,0,0,0,0,0,0,0,0,0,0,no
47,13,2,2,0,0,0,0,0,0,0,0,0,0,0,0,no
98,16,2,2,0,0,0,0,0,0,1,0,0,0,0,0,no
10,10,10,10,10,10,10,10,10,10,10,10,10,10,10,10,yes
10,10,10,10,10,10,10,10,10,10,10,10,10,10,10,10,yes
10,10,10,10,10,10,10,10,10,10,10,10,10,10,10,10,yes
43,20,2,2,0,0,0,0,0,0,0,0,0,0,0,0,no
17,2,1,1,0,0,0,0,0,0,0,0,0,0,0,0,no
111,20,2,2,0,0,0,0,0,0,1,0,0,0,0,0,no
38,12,4,3,0,2,0,0,0,0,0,0,0,0,0,0,no
97,46,2,2,0,0,0,0,1,0,0,0,0,0,0,0,no
34,9,1,1,0,0,0,0,0,0,0,0,0,0,0,0,no
10,10,10,10,10,10,10,10,10,10,10,10,10,10,10,10,yes
37,7,2,2,0,0,0,0,0,0,0,0,0,0,0,0,no
10,10,10,10,10,10,10,10,10,10,10,10,10,10,10,10,yes
10,10,10,10,10,10,10,10,10,10,10,10,10,10,10,10,yes
10,10,10,10,10,10,10,10,10,10,10,10,10,10,10,10,yes
21,2,1,1,0,0,0,0,0,0,0,0,0,0,0,0,no
10,10,10,10,10,10,10,10,10,10,10,10,10,10,10,10,yes
513,470,2,2,0,0,0,0,0,0,0,0,0,0,0,0,no
10,10,10,10,10,10,10,10,10,10,10,10,10,10,10,10,yes
51,16,2,2,0,0,0,0,0,1,0,0,0,0,0,0,no
10,10,10,10,10,10,10,10,10,10,10,10,10,10,10,10,yes
153,54,2,2,0,0,0,0,0,0,0,0,0,0,1,1,no
20,4,1,1,0,0,0,0,0,0,0,0,0,0,0,0,no
10,10,10,10,10,10,10,10,10,10,10,10,10,10,10,10,yes
10,10,10,10,10,10,10,10,10,10,10,10,10,10,10,10,yes
42,12,1,1,0,0,0,0,0,0,0,0,0,0,0,0,no
122,84,0,2,0,26,0,0,0,0,0,0,0,0,0,0,no
40,16,2,2,2,0,0,0,0,0,0,0,0,0,0,0,no
10,10,10,10,10,10,10,10,10,10,10,10,10,10,10,10,yes
10,10,10,10,10,10,10,10,10,10,10,10,10,10,10,10,yes
10,10,10,10,10,10,10,10,10,10,10,10,10,10,10,10,yes
10,10,10,10,10,10,10,10,10,10,10,10,10,10,10,10,yes
219,15,2,2,0,0,0,0,0,1,0,0,0,0,0,0,no
92,19,2,2,0,0,0,0,0,0,1,0,0,0,0,0,no
50,17,2,2,0,0,0,0,0,1,0,0,0,0,0,0,no
59,18,2,2,0,0,0,0,0,0,0,0,0,0,0,0,no
10,10,10,10,10,10,10,10,10,10,10,10,10,10,10,10,yes
10,10,10,10,10,10,10,10,10,10,10,10,10,10,10,10,yes
39,9,2,2,0,0,0,0,0,0,0,0,0,0,0,0,no
374,116,2,2,0,0,0,0,0,1,0,0,0,0,0,0,no
32,8,1,1,0,0,0,0,0,0,0,0,0,0,0,0,no
21,5,2,2,0,0,0,0,0,0,0,0,0,0,0,0,no
10,10,10,10,10,10,10,10,10,10,10,10,10,10,10,10,yes
10,10,10,10,10,10,10,10,10,10,10,10,10,10,10,10,yes
35,10,2,2,0,0,0,0,0,0,0,0,0,0,0,0,no
51,18,4,4,0,0,0,0,0,1,0,0,0,0,0,0,no
10,10,10,10,10,10,10,10,10,10,10,10,10,10,10,10,yes
10,10,10,10,10,10,10,10,10,10,10,10,10,10,10,10,yes
81,19,2,2,0,0,0,0,0,0,0,0,0,0,0,0,no
10,10,10,10,10,10,10,10,10,10,10,10,10,10,10,10,yes
35,12,2,2,0,0,0,0,0,0,0,0,0,0,0,0,no
173,73,2,2,0,0,0,0,0,0,0,0,0,0,0,0,no
10,10,10,10,10,10,10,10,10,10,10,10,10,10,10,10,yes
10,10,10,10,10,10,10,10,10,10,10,10,10,10,10,10,yes
27,6,1,1,0,0,0,0,0,0,0,0,0,0,0,0,no
67,27,2,2,0,0,0,0,0,0,0,0,0,0,0,0,no
1268,66,0,4,0,18,0,0,0,0,0,0,0,0,0,0,no
16,13,0,2,0,4,0,0,0,0,0,0,0,0,0,0,no
10,10,10,10,10,10,10,10,10,10,10,10,10,10,10,10,yes
10,10,10,10,10,10,10,10,10,10,10,10,10,10,10,10,yes
10,10,10,10,10,10,10,10,10,10,10,10,10,10,10,10,yes
23,22,0,1,0,7,0,0,0,0,0,0,0,0,0,0,no
340,49,2,2,0,0,0,0,0,0,1,0,0,0,0,0,no
124,47,2,2,0,0,0,0,0,0,0,0,0,0,0,0,no
10,10,10,10,10,10,10,10,10,10,10,10,10,10,10,10,yes
10,10,10,10,10,10,10,10,10,10,10,10,10,10,10,10,yes
51,21,2,2,0,0,0,0,0,0,0,0,0,0,0,0,no
421,29,2,2,0,0,0,0,0,1,0,0,0,0,0,0,no
10,10,10,10,10,10,10,10,10,10,10,10,10,10,10,10,yes
10,10,10,10,10,10,10,10,10,10,10,10,10,10,10,10,yes
10,10,10,10,10,10,10,10,10,10,10,10,10,10,10,10,yes
10,10,10,10,10,10,10,10,10,10,10,10,10,10,10,10,yes
66,27,3,3,0,0,0,0,0,0,0,0,0,0,0,0,no
10,10,10,10,10,10,10,10,10,10,10,10,10,10,10,10,yes
10,10,10,10,10,10,10,10,10,10,10,10,10,10,10,10,yes
35,10,2,2,0,0,0,0,0,0,0,0,0,0,0,0,no
10,10,10,10,10,10,10,10,10,10,10,10,10,10,10,10,yes
63,25,2,2,0,0,0,0,0,0,0,0,0,0,0,0,no
86,7,1,1,0,0,0,0,0,0,0,0,0,0,0,0,no
123,86,0,3,0,38,0,0,0,0,0,0,0,0,1,1,no
113,41,2,2,0,0,0,0,0,0,0,0,0,0,0,0,no
10,10,10,10,10,10,10,10,10,10,10,10,10,10,10,10,yes
10,10,10,10,10,10,10,10,10,10,10,10,10,10,10,10,yes
10,10,10,10,10,10,10,10,10,10,10,10,10,10,10,10,yes
10,10,10,10,10,10,10,10,10,10,10,10,10,10,10,10,yes
10,10,10,10,10,10,10,10,10,10,10,10,10,10,10,10,yes
10,10,10,10,10,10,10,10,10,10,10,10,10,10,10,10,yes
21,5,1,1,0,0,0,0,0,0,0,0,0,0,0,0,no
18,14,0,2,0,5,0,0,0,0,0,0,0,0,0,0,no
10,10,10,10,10,10,10,10,10,10,10,10,10,10,10,10,yes
10,10,10,10,10,10,10,10,10,10,10,10,10,10,10,10,yes
10,10,10,10,10,10,10,10,10,10,10,10,10,10,10,10,yes
67,16,2,2,0,0,0,0,0,1,0,0,0,0,0,0,no
40,10,2,2,0,0,0,0,0,0,0,0,0,0,0,0,no
10,10,10,10,10,10,10,10,10,10,10,10,10,10,10,10,yes
226,50,2,2,0,0,0,0,0,0,0,0,0,0,0,0,no
104,23,1,1,0,0,0,0,0,1,0,0,0,0,0,0,no
10,10,10,10,10,10,10,10,10,10,10,10,10,10,10,10,yes
34,15,2,2,0,1,0,0,0,0,0,0,0,0,0,0,no
10,10,10,10,10,10,10,10,10,10,10,10,10,10,10,10,yes
10,10,10,10,10,10,10,10,10,10,10,10,10,10,10,10,yes
10,10,10,10,10,10,10,10,10,10,10,10,10,10,10,10,yes
10,10,10,10,10,10,10,10,10,10,10,10,10,10,10,10,yes
10,10,10,10,10,10,10,10,10,10,10,10,10,10,10,10,yes
10,10,10,10,10,10,10,10,10,10,10,10,10,10,10,10,yes
10,10,10,10,10,10,10,10,10,10,10,10,10,10,10,10,yes
30,8,2,2,0,0,0,0,0,0,0,0,0,0,0,0,no
63,14,2,2,0,0,0,0,0,0,0,0,0,0,0,0,no
10,10,10,10,10,10,10,10,10,10,10,10,10,10,10,10,yes
10,10,10,10,10,10,10,10,10,10,10,10,10,10,10,10,yes
10,10,10,10,10,10,10,10,10,10,10,10,10,10,10,10,yes
10,10,10,10,10,10,10,10,10,10,10,10,10,10,10,10,yes
10,10,10,10,10,10,10,10,10,10,10,10,10,10,10,10,yes
67,15,1,1,0,0,0,0,0,0,0,0,0,0,0,0,no
32,8,1,1,0,0,0,0,0,0,0,0,0,0,0,0,no
10,10,10,10,10,10,10,10,10,10,10,10,10,10,10,10,yes
78,19,2,2,0,0,0,0,0,0,1,0,0,0,0,0,no
26,19,0,3,0,8,0,0,0,0,0,0,0,0,0,0,no
66,20,1,1,0,0,0,0,0,0,0,0,0,0,0,0,no
10,10,10,10,10,10,10,10,10,10,10,10,10,10,10,10,yes
10,10,10,10,10,10,10,10,10,10,10,10,10,10,10,10,yes
10,10,10,10,10,10,10,10,10,10,10,10,10,10,10,10,yes
10,10,10,10,10,10,10,10,10,10,10,10,10,10,10,10,yes
10,10,10,10,10,10,10,10,10,10,10,10,10,10,10,10,yes
85,17,2,2,0,0,0,0,0,1,0,0,0,0,0,0,no
10,10,10,10,10,10,10,10,10,10,10,10,10,10,10,10,yes
22,5,2,2,0,0,0,0,0,0,0,0,0,0,0,0,no
252,111,2,2,0,0,0,0,2,0,0,0,0,0,0,0,no
10,10,10,10,10,10,10,10,10,10,10,10,10,10,10,10,yes
28,24,0,2,0,6,0,0,0,0,0,0,0,0,0,0,no
51,15,1,1,0,0,0,0,0,0,0,0,0,0,0,0,no
10,10,10,10,10,10,10,10,10,10,10,10,10,10,10,10,yes
16,9,1,1,0,0,0,0,0,0,0,0,0,0,0,0,no
21,2,1,1,0,0,0,0,0,0,0,0,0,0,0,0,no
10,10,10,10,10,10,10,10,10,10,10,10,10,10,10,10,yes
10,10,10,10,10,10,10,10,10,10,10,10,10,10,10,10,yes
38,11,1,1,0,0,0,0,0,0,0,0,0,0,0,0,no
10,10,10,10,10,10,10,10,10,10,10,10,10,10,10,10,yes
10,10,10,10,10,10,10,10,10,10,10,10,10,10,10,10,yes
849,97,0,3,0,29,0,0,0,0,0,0,0,0,0,0,no
34,31,0,2,0,5,0,0,0,0,1,0,0,0,0,0,no
10,10,10,10,10,10,10,10,10,10,10,10,10,10,10,10,yes
49,40,0,2,0,11,0,0,0,0,0,0,0,0,0,0,no
39,33,0,3,0,13,0,0,0,0,0,0,0,0,0,0,no
21,6,2,2,0,0,0,0,0,0,0,0,0,0,0,0,no
10,10,10,10,10,10,10,10,10,10,10,10,10,10,10,10,yes
1767,26,2,2,0,0,0,0,0,1,0,0,0,0,0,0,no
96,17,4,4,0,0,0,0,0,0,0,0,0,0,0,0,no
10,10,10,10,10,10,10,10,10,10,10,10,10,10,10,10,yes
65,14,2,2,0,2,0,0,0,0,0,0,0,0,0,0,no
10,10,10,10,10,10,10,10,10,10,10,10,10,10,10,10,yes
23,6,1,1,0,0,0,0,0,0,0,0,0,0,0,0,no
10,10,10,10,10,10,10,10,10,10,10,10,10,10,10,10,yes
891,97,0,2,0,31,0,0,0,0,0,0,0,0,0,0,no
10,10,10,10,10,10,10,10,10,10,10,10,10,10,10,10,yes
68,17,1,1,0,0,0,0,0,0,0,0,0,0,0,0,no
10,10,10,10,10,10,10,10,10,10,10,10,10,10,10,10,yes
74,32,3,3,0,0,0,0,0,0,0,0,0,0,0,0,no
10,10,10,10,10,10,10,10,10,10,10,10,10,10,10,10,yes
10,10,10,10,10,10,10,10,10,10,10,10,10,10,10,10,yes
10,10,10,10,10,10,10,10,10,10,10,10,10,10,10,10,yes
53,17,1,1,0,0,0,0,0,0,0,0,0,0,0,0,no
10,10,10,10,10,10,10,10,10,10,10,10,10,10,10,10,yes
45,13,2,2,0,0,0,0,0,0,0,0,0,0,0,0,no
33,7,1,1,0,0,0,0,0,0,0,0,0,0,0,0,no
90,43,3,3,0,0,0,0,0,0,0,0,0,0,0,0,no
10,10,10,10,10,10,10,10,10,10,10,10,10,10,10,10,yes
10,10,10,10,10,10,10,10,10,10,10,10,10,10,10,10,yes
10,10,10,10,10,10,10,10,10,10,10,10,10,10,10,10,yes
10,10,10,10,10,10,10,10,10,10,10,10,10,10,10,10,yes
110,84,0,2,0,5,0,0,0,0,0,0,0,0,0,0,no
10,10,10,10,10,10,10,10,10,10,10,10,10,10,10,10,yes
10,10,10,10,10,10,10,10,10,10,10,10,10,10,10,10,yes
68,22,2,2,0,0,0,0,0,0,0,0,0,0,0,0,no
23,5,1,1,0,0,0,0,0,0,0,0,0,0,0,0,no
43,21,2,2,0,1,0,0,0,0,0,0,0,0,0,0,no
38,11,2,2,0,0,0,0,0,0,0,0,0,0,0,0,no
25,7,2,2,0,0,0,0,0,0,0,0,0,0,0,0,no
10,10,10,10,10,10,10,10,10,10,10,10,10,10,10,10,yes
25,11,2,2,0,0,0,0,0,0,0,0,0,0,0,0,no
10,10,10,10,10,10,10,10,10,10,10,10,10,10,10,10,yes
10,10,10,10,10,10,10,10,10,10,10,10,10,10,10,10,yes
10,10,10,10,10,10,10,10,10,10,10,10,10,10,10,10,yes
117,48,2,1,0,3,0,0,0,0,0,0,0,0,0,0,no
10,10,10,10,10,10,10,10,10,10,10,10,10,10,10,10,yes
10,10,10,10,10,10,10,10,10,10,10,10,10,10,10,10,yes
10,10,10,10,10,10,10,10,10,10,10,10,10,10,10,10,yes
10,10,10,10,10,10,10,10,10,10,10,10,10,10,10,10,yes
50,35,0,4,0,14,0,0,0,0,0,0,0,0,0,0,no
48,16,2,2,0,0,0,0,0,0,0,0,0,0,0,0,no
10,10,10,10,10,10,10,10,10,10,10,10,10,10,10,10,yes
25,11,2,2,0,0,0,0,0,0,0,0,0,0,0,0,no
10,10,10,10,10,10,10,10,10,10,10,10,10,10,10,10,yes
28,6,2,2,0,0,0,0,0,0,0,0,0,0,0,0,no
10,10,10,10,10,10,10,10,10,10,10,10,10,10,10,10,yes
101,32,2,2,0,0,0,0,0,0,0,0,0,0,0,0,no
39,13,2,2,0,0,0,0,0,0,0,0,0,0,0,0,no
10,10,10,10,10,10,10,10,10,10,10,10,10,10,10,10,yes
10,10,10,10,10,10,10,10,10,10,10,10,10,10,10,10,yes
10,10,10,10,10,10,10,10,10,10,10,10,10,10,10,10,yes
10,10,10,10,10,10,10,10,10,10,10,10,10,10,10,10,yes
972,134,4,3,0,16,0,0,0,0,0,0,0,0,0,0,no
80,20,1,1,0,0,0,0,0,0,0,0,0,0,0,0,no
15,3,1,1,0,0,0,0,0,0,0,0,0,0,0,0,no
21,5,2,2,0,0,0,0,0,0,0,0,0,0,0,0,no
10,10,10,10,10,10,10,10,10,10,10,10,10,10,10,10,yes
46,10,1,1,0,0,0,0,0,0,0,0,0,0,0,0,no
10,10,10,10,10,10,10,10,10,10,10,10,10,10,10,10,yes
25,11,2,2,0,0,0,0,0,0,0,0,0,0,0,0,no
10,10,10,10,10,10,10,10,10,10,10,10,10,10,10,10,yes
58,14,1,1,0,0,0,0,0,0,0,0,0,0,0,0,no
56,45,0,2,0,13,0,0,0,0,0,0,0,0,0,0,no
10,10,10,10,10,10,10,10,10,10,10,10,10,10,10,10,yes
10,10,10,10,10,10,10,10,10,10,10,10,10,10,10,10,yes
53,11,1,1,0,0,0,0,0,0,0,0,0,0,0,0,no
62,15,2,2,0,0,0,0,0,0,0,0,0,0,0,0,no
27,5,2,2,0,0,0,0,0,0,0,0,0,0,0,0,no
44,13,2,2,0,0,0,0,0,0,0,0,0,0,0,0,no
10,10,10,10,10,10,10,10,10,10,10,10,10,10,10,10,yes
10,10,10,10,10,10,10,10,10,10,10,10,10,10,10,10,yes
10,10,10,10,10,10,10,10,10,10,10,10,10,10,10,10,yes
10,10,10,10,10,10,10,10,10,10,10,10,10,10,10,10,yes
10,10,10,10,10,10,10,10,10,10,10,10,10,10,10,10,yes
10,10,10,10,10,10,10,10,10,10,10,10,10,10,10,10,yes
10,10,10,10,10,10,10,10,10,10,10,10,10,10,10,10,yes
15,12,0,2,0,4,0,0,0,0,0,0,0,0,0,0,no
20,4,1,1,0,0,0,0,0,0,0,0,0,0,0,0,no
10,10,10,10,10,10,10,10,10,10,10,10,10,10,10,10,yes
47,11,1,1,0,0,0,0,0,0,0,0,0,0,0,0,no
10,10,10,10,10,10,10,10,10,10,10,10,10,10,10,10,yes
68,22,2,2,0,1,0,0,0,0,0,0,0,0,0,0,no
10,10,10,10,10,10,10,10,10,10,10,10,10,10,10,10,yes
10,10,10,10,10,10,10,10,10,10,10,10,10,10,10,10,yes
43,11,2,2,0,0,0,0,0,0,0,0,0,0,0,0,no
24,6,2,2,0,0,0,0,0,0,0,0,0,0,0,0,no
10,10,10,10,10,10,10,10,10,10,10,10,10,10,10,10,yes
66,22,2,2,0,0,0,0,0,0,0,0,0,0,0,0,no
82,12,2,2,0,0,0,0,0,0,0,0,0,0,0,0,no
10,10,10,10,10,10,10,10,10,10,10,10,10,10,10,10,yes
39,8,1,1,0,0,0,0,0,0,0,0,0,0,0,0,no
10,10,10,10,10,10,10,10,10,10,10,10,10,10,10,10,yes
35,8,2,2,0,0,0,0,0,0,0,0,0,0,0,0,no
93,25,2,2,0,0,0,0,0,0,0,0,0,0,0,0,no
31,20,1,1,0,0,0,0,0,0,0,0,0,0,0,0,no
55,17,2,2,0,0,0,0,0,1,0,0,0,0,0,0,no
10,10,10,10,10,10,10,10,10,10,10,10,10,10,10,10,yes
56,47,0,2,0,5,0,0,0,0,0,0,0,0,0,0,no
10,10,10,10,10,10,10,10,10,10,10,10,10,10,10,10,yes
10,10,10,10,10,10,10,10,10,10,10,10,10,10,10,10,yes
50,35,0,4,0,15,0,0,0,0,0,0,0,0,0,0,no
54,17,2,2,0,0,0,0,0,0,0,0,0,0,0,0,no
17,6,2,2,0,0,0,0,0,0,0,0,0,0,0,0,no
82,34,4,4,0,0,0,0,0,0,0,0,0,0,0,0,no
222,77,4,4,0,0,1,4,0,0,3,0,0,0,0,0,no
10,10,10,10,10,10,10,10,10,10,10,10,10,10,10,10,yes
10,10,10,10,10,10,10,10,10,10,10,10,10,10,10,10,yes
10,10,10,10,10,10,10,10,10,10,10,10,10,10,10,10,yes
10,10,10,10,10,10,10,10,10,10,10,10,10,10,10,10,yes
79,19,1,1,0,0,0,0,0,0,0,0,0,0,0,0,no
10,10,10,10,10,10,10,10,10,10,10,10,10,10,10,10,yes
56,14,2,2,0,0,0,0,0,1,0,0,0,0,0,0,no
52,21,2,2,0,0,0,0,0,0,0,0,0,0,0,0,no
40,21,2,2,0,1,0,0,0,0,0,0,0,0,0,0,no
10,10,10,10,10,10,10,10,10,10,10,10,10,10,10,10,yes
97,34,2,2,0,0,0,0,0,0,1,0,0,0,0,0,no
43,18,2,2,0,0,0,0,0,1,0,0,0,0,0,0,no
52,21,2,2,0,0,0,0,0,0,0,0,0,0,0,0,no
24,5,1,1,0,0,0,0,0,0,0,0,0,0,0,0,no
10,10,10,10,10,10,10,10,10,10,10,10,10,10,10,10,yes
10,10,10,10,10,10,10,10,10,10,10,10,10,10,10,10,yes
10,10,10,10,10,10,10,10,10,10,10,10,10,10,10,10,yes
60,49,0,2,0,4,0,0,0,0,0,0,0,0,0,0,no
10,10,10,10,10,10,10,10,10,10,10,10,10,10,10,10,yes
10,10,10,10,10,10,10,10,10,10,10,10,10,10,10,10,yes
10,10,10,10,10,10,10,10,10,10,10,10,10,10,10,10,yes
56,18,2,2,0,0,0,0,0,0,0,0,0,0,0,0,no
10,10,10,10,10,10,10,10,10,10,10,10,10,10,10,10,yes
10,10,10,10,10,10,10,10,10,10,10,10,10,10,10,10,yes
10,10,10,10,10,10,10,10,10,10,10,10,10,10,10,10,yes
10,10,10,10,10,10,10,10,10,10,10,10,10,10,10,10,yes
10,10,10,10,10,10,10,10,10,10,10,10,10,10,10,10,yes
23,7,2,2,0,1,0,0,0,0,0,0,0,0,0,0,no
10,10,10,10,10,10,10,10,10,10,10,10,10,10,10,10,yes
42,18,2,2,0,0,0,0,0,0,0,0,0,0,0,0,no
47,12,2,2,0,0,0,0,0,0,0,0,0,0,0,0,no
97,20,2,2,1,0,0,0,0,0,0,0,0,0,0,0,no
10,10,10,10,10,10,10,10,10,10,10,10,10,10,10,10,yes
10,10,10,10,10,10,10,10,10,10,10,10,10,10,10,10,yes
43,18,2,2,0,0,0,0,0,0,0,0,0,0,0,0,no
10,10,10,10,10,10,10,10,10,10,10,10,10,10,10,10,yes
571,378,2,2,0,0,0,0,0,0,0,0,0,0,0,0,no
64,17,2,2,0,0,0,0,0,0,0,0,0,0,0,0,no
18,4,1,1,0,0,0,0,0,0,0,0,0,0,0,0,no
48,43,0,2,0,5,0,0,0,0,0,0,0,0,0,0,no
23,5,2,2,0,0,0,0,0,0,0,0,0,0,0,0,no
10,10,10,10,10,10,10,10,10,10,10,10,10,10,10,10,yes
41,12,2,2,0,0,0,0,0,0,0,0,0,0,0,0,no
46,42,0,2,0,5,0,0,0,0,0,0,0,0,0,0,no
10,10,10,10,10,10,10,10,10,10,10,10,10,10,10,10,yes
35,9,2,2,0,0,0,0,0,0,0,0,0,0,0,0,no
41,9,2,2,0,0,0,0,0,0,0,0,0,0,0,0,no
33,8,1,1,0,0,0,0,0,0,0,0,0,0,0,0,no
69,14,1,1,0,0,0,0,0,0,0,0,0,0,0,0,no
43,18,2,2,0,0,0,0,0,0,0,0,0,0,0,0,no
10,10,10,10,10,10,10,10,10,10,10,10,10,10,10,10,yes
10,10,10,10,10,10,10,10,10,10,10,10,10,10,10,10,yes
10,10,10,10,10,10,10,10,10,10,10,10,10,10,10,10,yes
1047,55,0,3,0,17,0,0,0,0,0,0,0,0,0,0,no
10,10,10,10,10,10,10,10,10,10,10,10,10,10,10,10,yes
108,27,1,1,0,0,0,0,0,0,0,0,0,0,0,0,no
10,10,10,10,10,10,10,10,10,10,10,10,10,10,10,10,yes
86,21,1,1,0,0,0,0,0,0,0,0,0,0,0,0,no
12,5,2,2,0,0,0,0,0,0,0,0,0,0,0,0,no
180,16,2,2,0,0,0,0,0,1,0,0,0,0,0,0,no
44,6,2,2,1,0,0,0,0,0,0,0,0,0,0,0,no
40,13,2,2,0,0,0,0,0,0,0,0,0,0,0,0,no
10,10,10,10,10,10,10,10,10,10,10,10,10,10,10,10,yes
10,10,10,10,10,10,10,10,10,10,10,10,10,10,10,10,yes
50,12,2,2,0,0,0,0,0,0,0,0,0,0,0,0,no
8,3,1,1,0,0,0,0,0,0,0,1,0,0,0,0,no
46,18,2,2,0,5,0,0,0,0,0,0,0,0,0,0,no
10,10,10,10,10,10,10,10,10,10,10,10,10,10,10,10,yes
70,54,0,2,0,4,0,0,0,0,0,0,0,0,0,0,no
10,10,10,10,10,10,10,10,10,10,10,10,10,10,10,10,yes
10,10,10,10,10,10,10,10,10,10,10,10,10,10,10,10,yes
243,164,0,2,0,81,0,0,0,0,0,0,0,0,0,0,no
10,10,10,10,10,10,10,10,10,10,10,10,10,10,10,10,yes
10,10,10,10,10,10,10,10,10,10,10,10,10,10,10,10,yes
10,10,10,10,10,10,10,10,10,10,10,10,10,10,10,10,yes
10,10,10,10,10,10,10,10,10,10,10,10,10,10,10,10,yes
79,19,1,1,0,0,0,0,0,0,1,0,0,0,0,0,no
34,6,1,1,0,0,0,0,0,0,0,0,0,0,0,0,no
10,10,10,10,10,10,10,10,10,10,10,10,10,10,10,10,yes
32,7,2,2,0,0,0,0,0,0,0,0,0,0,0,0,no
41,9,1,1,0,0,0,0,0,0,0,0,0,0,0,0,no
118,48,2,2,0,0,0,0,0,0,0,0,0,0,0,0,no
10,10,10,10,10,10,10,10,10,10,10,10,10,10,10,10,yes
82,60,0,2,0,5,0,0,0,0,0,0,0,0,0,0,no
10,10,10,10,10,10,10,10,10,10,10,10,10,10,10,10,yes
10,10,10,10,10,10,10,10,10,10,10,10,10,10,10,10,yes
40,35,0,3,0,7,0,0,0,0,0,0,0,0,0,0,no
80,27,2,2,0,0,1,0,0,0,0,0,0,0,1,1,no
248,63,5,5,0,0,0,0,0,0,0,0,0,0,0,0,no
35,8,1,1,0,0,0,0,0,0,0,0,0,0,0,0,no
10,10,10,10,10,10,10,10,10,10,10,10,10,10,10,10,yes
29,26,0,2,0,6,0,0,0,0,1,0,0,0,0,0,no
10,10,10,10,10,10,10,10,10,10,10,10,10,10,10,10,yes
10,10,10,10,10,10,10,10,10,10,10,10,10,10,10,10,yes
10,10,10,10,10,10,10,10,10,10,10,10,10,10,10,10,yes
35,8,2,2,0,0,0,0,0,0,0,0,0,0,0,0,no
49,10,1,1,0,0,0,0,0,0,0,0,0,0,0,0,no
10,10,10,10,10,10,10,10,10,10,10,10,10,10,10,10,yes
72,27,3,3,0,0,0,0,0,0,0,0,0,0,0,0,no
57,51,0,2,0,10,0,0,0,0,2,0,0,0,0,0,no
37,10,2,2,0,0,0,0,0,0,0,0,0,0,0,0,no
10,10,10,10,10,10,10,10,10,10,10,10,10,10,10,10,yes
195,12,1,1,0,0,0,0,0,1,0,0,0,0,0,0,no
10,10,10,10,10,10,10,10,10,10,10,10,10,10,10,10,yes
10,10,10,10,10,10,10,10,10,10,10,10,10,10,10,10,yes
10,10,10,10,10,10,10,10,10,10,10,10,10,10,10,10,yes
39,10,2,2,0,0,0,0,0,0,0,0,0,0,0,0,no
66,17,2,2,1,0,0,0,0,0,0,0,0,0,0,0,no
10,10,10,10,10,10,10,10,10,10,10,10,10,10,10,10,yes
41,17,2,2,0,0,0,0,0,0,0,0,0,0,0,0,no
42,14,2,2,0,0,0,0,0,0,0,0,0,0,0,0,no
78,22,2,2,0,0,0,0,0,0,0,0,0,0,0,0,no
10,10,10,10,10,10,10,10,10,10,10,10,10,10,10,10,yes
10,10,10,10,10,10,10,10,10,10,10,10,10,10,10,10,yes
89,29,2,2,0,0,0,0,0,0,0,0,0,0,0,0,no
10,10,10,10,10,10,10,10,10,10,10,10,10,10,10,10,yes
67,15,2,2,0,0,0,0,0,0,1,0,0,0,0,0,no
10,10,10,10,10,10,10,10,10,10,10,10,10,10,10,10,yes
48,15,2,2,0,0,0,0,0,0,0,0,0,0,0,0,no
10,10,10,10,10,10,10,10,10,10,10,10,10,10,10,10,yes
10,10,10,10,10,10,10,10,10,10,10,10,10,10,10,10,yes
10,10,10,10,10,10,10,10,10,10,10,10,10,10,10,10,yes
10,10,10,10,10,10,10,10,10,10,10,10,10,10,10,10,yes
10,10,10,10,10,10,10,10,10,10,10,10,10,10,10,10,yes
40,17,2,2,0,0,0,0,0,1,0,0,0,0,0,0,no
10,10,10,10,10,10,10,10,10,10,10,10,10,10,10,10,yes
10,10,10,10,10,10,10,10,10,10,10,10,10,10,10,10,yes
76,21,1,1,0,0,0,0,0,0,0,0,0,0,0,0,no
10,10,10,10,10,10,10,10,10,10,10,10,10,10,10,10,yes
10,10,10,10,10,10,10,10,10,10,10,10,10,10,10,10,yes
10,10,10,10,10,10,10,10,10,10,10,10,10,10,10,10,yes
33,16,2,2,0,1,0,0,0,0,0,0,0,0,0,0,no
35,16,2,2,0,2,0,0,0,0,0,0,0,0,0,0,no
10,10,10,10,10,10,10,10,10,10,10,10,10,10,10,10,yes
50,15,2,2,0,0,0,0,0,0,0,0,0,0,0,0,no
194,48,4,3,0,9,0,0,0,0,0,0,0,0,0,0,no
10,10,10,10,10,10,10,10,10,10,10,10,10,10,10,10,yes
74,23,2,2,2,0,0,0,0,1,0,0,0,0,0,0,no
10,10,10,10,10,10,10,10,10,10,10,10,10,10,10,10,yes
21,5,1,1,0,0,0,0,0,0,0,0,0,0,0,0,no
41,8,1,1,0,0,0,0,0,0,0,0,0,0,0,0,no
49,20,2,2,0,0,0,0,0,0,0,0,0,0,0,0,no
25,21,0,2,0,5,0,0,0,0,0,0,0,0,0,0,no
84,15,2,2,0,0,0,0,0,0,1,0,0,0,0,0,no
10,10,10,10,10,10,10,10,10,10,10,10,10,10,10,10,yes
10,10,10,10,10,10,10,10,10,10,10,10,10,10,10,10,yes
59,17,2,2,0,1,0,0,0,0,0,0,0,0,0,0,no
10,10,10,10,10,10,10,10,10,10,10,10,10,10,10,10,yes
93,29,2,2,0,5,0,0,0,0,0,0,0,0,0,0,no
10,10,10,10,10,10,10,10,10,10,10,10,10,10,10,10,yes
10,10,10,10,10,10,10,10,10,10,10,10,10,10,10,10,yes
10,10,10,10,10,10,10,10,10,10,10,10,10,10,10,10,yes
10,10,10,10,10,10,10,10,10,10,10,10,10,10,10,10,yes
10,10,10,10,10,10,10,10,10,10,10,10,10,10,10,10,yes
10,10,10,10,10,10,10,10,10,10,10,10,10,10,10,10,yes
10,10,10,10,10,10,10,10,10,10,10,10,10,10,10,10,yes
10,10,10,10,10,10,10,10,10,10,10,10,10,10,10,10,yes
30,9,1,1,0,0,0,0,0,0,0,0,0,0,0,0,no
190,179,2,2,0,0,0,0,0,0,0,0,0,0,0,0,no
76,17,2,2,0,0,0,0,0,0,1,0,0,0,0,0,no
10,10,10,10,10,10,10,10,10,10,10,10,10,10,10,10,yes
10,10,10,10,10,10,10,10,10,10,10,10,10,10,10,10,yes
54,23,3,3,0,0,0,0,0,0,0,0,0,0,0,0,no
44,12,1,1,0,0,0,0,0,0,0,0,0,0,0,0,no
10,10,10,10,10,10,10,10,10,10,10,10,10,10,10,10,yes
10,10,10,10,10,10,10,10,10,10,10,10,10,10,10,10,yes
10,10,10,10,10,10,10,10,10,10,10,10,10,10,10,10,yes
40,35,0,3,0,7,0,0,0,0,0,0,0,0,0,0,no
10,10,10,10,10,10,10,10,10,10,10,10,10,10,10,10,yes
10,10,10,10,10,10,10,10,10,10,10,10,10,10,10,10,yes
96,27,1,1,0,0,0,0,0,0,0,0,0,0,0,0,no
10,10,10,10,10,10,10,10,10,10,10,10,10,10,10,10,yes
10,10,10,10,10,10,10,10,10,10,10,10,10,10,10,10,yes
43,10,4,4,0,0,0,0,0,3,0,0,0,0,0,0,no
10,10,10,10,10,10,10,10,10,10,10,10,10,10,10,10,yes
25,7,1,1,0,0,0,0,0,0,0,0,0,0,0,0,no
10,10,10,10,10,10,10,10,10,10,10,10,10,10,10,10,yes
10,10,10,10,10,10,10,10,10,10,10,10,10,10,10,10,yes
266,55,0,4,0,15,0,0,0,0,0,0,0,0,0,0,no
82,20,2,2,0,0,0,0,0,0,1,0,0,0,0,0,no
64,28,3,3,0,0,0,0,0,0,0,0,0,0,0,0,no
137,43,2,2,0,0,1,0,0,0,0,0,0,0,0,0,no
78,29,2,2,2,0,0,0,0,0,1,0,0,0,0,0,no
67,26,3,3,0,0,0,0,0,0,0,0,0,0,0,0,no
40,12,1,1,0,0,0,0,0,0,0,0,0,0,0,0,no
170,71,2,2,0,0,0,0,0,0,0,0,0,0,0,0,no
10,10,10,10,10,10,10,10,10,10,10,10,10,10,10,10,yes
10,10,10,10,10,10,10,10,10,10,10,10,10,10,10,10,yes
10,10,10,10,10,10,10,10,10,10,10,10,10,10,10,10,yes
45,14,2,2,2,0,0,0,0,1,1,0,0,0,0,0,no
21,5,2,2,0,0,0,0,0,0,0,0,0,0,0,0,no
94,26,2,2,0,0,0,0,0,0,0,0,0,0,0,0,no
18,14,0,2,0,5,0,0,0,0,0,0,0,0,0,0,no
10,10,10,10,10,10,10,10,10,10,10,10,10,10,10,10,yes
52,12,1,1,0,0,0,0,0,0,1,0,0,0,0,0,no
10,10,10,10,10,10,10,10,10,10,10,10,10,10,10,10,yes
10,10,10,10,10,10,10,10,10,10,10,10,10,10,10,10,yes
10,10,10,10,10,10,10,10,10,10,10,10,10,10,10,10,yes
97,26,2,2,0,0,0,0,0,0,0,0,0,0,0,0,no
36,14,3,3,0,0,0,0,0,0,0,0,0,0,0,0,no
214,60,1,1,0,0,0,0,0,0,0,0,0,0,0,0,no
92,28,2,2,0,0,0,0,0,0,0,0,0,0,0,0,no
10,10,10,10,10,10,10,10,10,10,10,10,10,10,10,10,yes
106,44,2,1,0,4,0,0,0,0,0,0,0,0,0,0,no
10,10,10,10,10,10,10,10,10,10,10,10,10,10,10,10,yes
10,10,10,10,10,10,10,10,10,10,10,10,10,10,10,10,yes
10,10,10,10,10,10,10,10,10,10,10,10,10,10,10,10,yes
10,10,10,10,10,10,10,10,10,10,10,10,10,10,10,10,yes
40,13,2,2,0,0,0,0,0,0,0,0,0,0,0,0,no
20,16,0,2,0,5,0,0,0,0,0,0,0,0,0,0,no
10,10,10,10,10,10,10,10,10,10,10,10,10,10,10,10,yes
21,8,2,2,0,1,0,0,0,0,0,0,0,0,0,0,no
21,5,1,1,0,0,0,0,0,0,0,0,0,0,0,0,no
24,4,2,2,0,0,0,0,0,0,0,0,0,0,0,0,no
6,2,1,1,0,0,0,0,0,0,0,0,0,0,0,0,no
10,10,10,10,10,10,10,10,10,10,10,10,10,10,10,10,yes
10,10,10,10,10,10,10,10,10,10,10,10,10,10,10,10,yes
56,21,3,3,0,0,0,0,0,0,0,0,0,0,0,0,no
36,12,2,2,0,0,0,0,0,0,0,0,0,0,0,0,no
10,10,10,10,10,10,10,10,10,10,10,10,10,10,10,10,yes
10,10,10,10,10,10,10,10,10,10,10,10,10,10,10,10,yes
83,34,2,2,0,0,0,0,0,0,0,0,0,0,0,0,no
10,10,10,10,10,10,10,10,10,10,10,10,10,10,10,10,yes
10,10,10,10,10,10,10,10,10,10,10,10,10,10,10,10,yes
10,10,10,10,10,10,10,10,10,10,10,10,10,10,10,10,yes
10,10,10,10,10,10,10,10,10,10,10,10,10,10,10,10,yes
10,10,10,10,10,10,10,10,10,10,10,10,10,10,10,10,yes
10,10,10,10,10,10,10,10,10,10,10,10,10,10,10,10,yes
10,10,10,10,10,10,10,10,10,10,10,10,10,10,10,10,yes
51,14,1,1,0,0,0,0,0,0,0,0,0,0,0,0,no
10,10,10,10,10,10,10,10,10,10,10,10,10,10,10,10,yes
10,10,10,10,10,10,10,10,10,10,10,10,10,10,10,10,yes
10,10,10,10,10,10,10,10,10,10,10,10,10,10,10,10,yes
10,10,10,10,10,10,10,10,10,10,10,10,10,10,10,10,yes
10,10,10,10,10,10,10,10,10,10,10,10,10,10,10,10,yes
60,15,2,2,0,2,0,0,0,0,0,0,0,0,0,0,no
47,19,3,3,0,0,0,0,0,0,0,0,0,0,0,0,no
10,10,10,10,10,10,10,10,10,10,10,10,10,10,10,10,yes
10,10,10,10,10,10,10,10,10,10,10,10,10,10,10,10,yes
100,38,2,2,0,0,0,0,0,0,0,0,0,0,0,0,no
10,10,10,10,10,10,10,10,10,10,10,10,10,10,10,10,yes
10,10,10,10,10,10,10,10,10,10,10,10,10,10,10,10,yes
36,9,2,2,0,0,0,0,0,1,0,0,0,0,0,0,no
61,16,2,2,0,0,0,0,0,0,0,0,0,0,0,0,no
43,11,6,4,0,1,0,0,0,0,0,0,0,0,0,0,no
52,20,2,2,0,0,0,0,0,0,0,0,0,0,0,0,no
10,10,10,10,10,10,10,10,10,10,10,10,10,10,10,10,yes
10,10,10,10,10,10,10,10,10,10,10,10,10,10,10,10,yes
50,7,2,2,1,0,0,0,0,0,0,0,0,0,0,0,no
29,7,1,1,0,0,0,0,0,0,0,0,0,0,0,0,no
10,10,10,10,10,10,10,10,10,10,10,10,10,10,10,10,yes
10,10,10,10,10,10,10,10,10,10,10,10,10,10,10,10,yes
48,43,0,2,0,5,0,0,0,0,0,0,0,0,0,0,no
10,10,10,10,10,10,10,10,10,10,10,10,10,10,10,10,yes
10,10,10,10,10,10,10,10,10,10,10,10,10,10,10,10,yes
10,10,10,10,10,10,10,10,10,10,10,10,10,10,10,10,yes
10,10,10,10,10,10,10,10,10,10,10,10,10,10,10,10,yes
10,10,10,10,10,10,10,10,10,10,10,10,10,10,10,10,yes
38,19,2,2,0,1,0,0,0,0,0,0,0,0,0,0,no
50,13,3,3,0,0,0,0,0,0,0,0,0,0,0,0,no
10,10,10,10,10,10,10,10,10,10,10,10,10,10,10,10,yes
22,5,1,1,0,0,0,0,0,0,0,0,0,0,0,0,no
119,66,2,2,0,3,0,0,0,0,0,0,0,0,0,0,no
52,12,2,2,0,0,0,0,0,0,0,0,0,0,0,0,no
10,10,10,10,10,10,10,10,10,10,10,10,10,10,10,10,yes
10,10,10,10,10,10,10,10,10,10,10,10,10,10,10,10,yes
10,10,10,10,10,10,10,10,10,10,10,10,10,10,10,10,yes
999,61,2,2,0,0,0,0,0,1,0,0,0,0,0,0,no
40,13,2,2,0,0,0,0,0,1,0,0,0,0,0,0,no
249,112,1,1,0,0,0,0,0,0,1,0,0,0,0,0,no
10,10,10,10,10,10,10,10,10,10,10,10,10,10,10,10,yes
10,10,10,10,10,10,10,10,10,10,10,10,10,10,10,10,yes
109,22,2,2,0,0,0,0,0,0,0,3,0,0,0,0,no
38,11,2,2,0,0,0,0,0,0,0,0,0,0,0,0,no
10,10,10,10,10,10,10,10,10,10,10,10,10,10,10,10,yes
10,10,10,10,10,10,10,10,10,10,10,10,10,10,10,10,yes
69,18,2,2,0,0,0,0,0,0,0,0,0,0,0,0,no
10,10,10,10,10,10,10,10,10,10,10,10,10,10,10,10,yes
18,7,2,2,0,1,0,0,0,0,0,0,0,0,0,0,no
29,9,2,2,0,1,0,0,0,0,0,0,0,0,0,0,no
10,10,10,10,10,10,10,10,10,10,10,10,10,10,10,10,yes
38,10,2,2,0,0,0,0,0,0,0,0,0,0,0,0,no
10,10,10,10,10,10,10,10,10,10,10,10,10,10,10,10,yes
10,10,10,10,10,10,10,10,10,10,10,10,10,10,10,10,yes
61,12,2,2,1,0,0,0,0,0,0,0,0,0,0,0,no
241,77,4,3,0,24,0,0,0,0,0,0,0,0,0,0,no
10,10,10,10,10,10,10,10,10,10,10,10,10,10,10,10,yes
118,29,3,3,0,0,0,0,0,0,0,0,0,0,0,0,no
10,10,10,10,10,10,10,10,10,10,10,10,10,10,10,10,yes
65,15,1,1,0,0,0,0,0,0,0,0,0,0,0,0,no
10,10,10,10,10,10,10,10,10,10,10,10,10,10,10,10,yes
10,10,10,10,10,10,10,10,10,10,10,10,10,10,10,10,yes
10,10,10,10,10,10,10,10,10,10,10,10,10,10,10,10,yes
10,10,10,10,10,10,10,10,10,10,10,10,10,10,10,10,yes
78,37,3,3,0,0,0,0,0,0,0,0,0,0,0,0,no
30,8,2,2,0,0,0,0,0,0,0,0,0,0,0,0,no
127,24,2,2,0,0,0,0,0,0,1,0,0,0,0,0,no
16,3,1,1,0,0,0,0,0,0,0,0,0,0,0,0,no
54,22,2,2,0,0,0,0,0,0,0,0,0,0,0,0,no
10,10,10,10,10,10,10,10,10,10,10,10,10,10,10,10,yes
52,17,2,2,0,0,0,0,0,0,0,0,0,0,0,0,no
32,9,1,1,0,0,0,0,0,0,0,0,0,0,0,0,no
10,10,10,10,10,10,10,10,10,10,10,10,10,10,10,10,yes
34,15,2,2,0,0,0,0,0,0,0,0,0,0,0,0,no
49,21,2,2,0,1,0,0,0,0,0,0,0,0,0,0,no
24,5,1,1,0,0,0,0,0,0,0,0,0,0,0,0,no
124,25,0,2,0,9,0,0,0,0,0,0,0,0,0,0,no
37,16,2,2,0,0,0,0,0,0,0,0,0,0,0,0,no
36,16,2,2,0,7,0,0,0,0,0,0,0,0,0,0,no
56,16,2,2,0,0,0,0,0,0,0,0,0,0,0,0,no
10,10,10,10,10,10,10,10,10,10,10,10,10,10,10,10,yes
10,10,10,10,10,10,10,10,10,10,10,10,10,10,10,10,yes
10,10,10,10,10,10,10,10,10,10,10,10,10,10,10,10,yes
293,28,2,2,1,0,0,0,0,0,0,0,0,0,0,0,no
10,10,10,10,10,10,10,10,10,10,10,10,10,10,10,10,yes
10,10,10,10,10,10,10,10,10,10,10,10,10,10,10,10,yes
